교과목명,학점,,,,,,,,,,,,,,,,,,,,,,,,,,,
21세기Leadership(경제사회),1,,,,,,,,,,,,,,,,,,,,,,,,,,,
21세기생명생태철학,3,,,,,,,,,,,,,,,,,,,,,,,,,,,
2D그래픽디자인실습,3,,,,,,,,,,,,,,,,,,,,,,,,,,,
3D역사파노라마,3,,,,,,,,,,,,,,,,,,,,,,,,,,,
3D컴퓨터그래픽디자인입문,3,,,,,,,,,,,,,,,,,,,,,,,,,,,
3D타임머신,3,,,,,,,,,,,,,,,,,,,,,,,,,,,
4차 산업혁명과 5G 무선통신,1,,,,,,,,,,,,,,,,,,,,,,,,,,,
4차 산업혁명과 드론 디자인,3,,,,,,,,,,,,,,,,,,,,,,,,,,,
4차산업과e-비즈니스(캡스톤디자인),3,,,,,,,,,,,,,,,,,,,,,,,,,,,
4차산업과빅데이터,3,,,,,,,,,,,,,,,,,,,,,,,,,,,
4차산업과상업인쇄,3,,,,,,,,,,,,,,,,,,,,,,,,,,,
4차산업혁명과 한일문화콘텐츠산업,3,,,,,,,,,,,,,,,,,,,,,,,,,,,
4차산업혁명과공공경제학,3,,,,,,,,,,,,,,,,,,,,,,,,,,,
Academic Listening and Discussion,3,,,,,,,,,,,,,,,,,,,,,,,,,,,
AcademicWriting,3,,,,,,,,,,,,,,,,,,,,,,,,,,,
AI·사랑·혐오,3,,,,,,,,,,,,,,,,,,,,,,,,,,,
"AI시대,호모테크놀로지쿠스의미래담론과행복배틀",3,,,,,,,,,,,,,,,,,,,,,,,,,,,
AI시대의인간관계와감정탐구,3,,,,,,,,,,,,,,,,,,,,,,,,,,,
AI영어교육과언어심리학입문,3,,,,,,,,,,,,,,,,,,,,,,,,,,,
AI와한국어코퍼스,3,,,,,,,,,,,,,,,,,,,,,,,,,,,
AI운용수학,3,,,,,,,,,,,,,,,,,,,,,,,,,,,
AI창작조사방법론,2,,,,,,,,,,,,,,,,,,,,,,,,,,,
BasicEAS,0,,,,,,,,,,,,,,,,,,,,,,,,,,,
BusinessWriting,3,,,,,,,,,,,,,,,,,,,,,,,,,,,
CAE,3,,,,,,,,,,,,,,,,,,,,,,,,,,,
CareerPlan,3,,,,,,,,,,,,,,,,,,,,,,,,,,,
CG애니메이션심화,3,,,,,,,,,,,,,,,,,,,,,,,,,,,
ChatGPT를통해영어로들려주는나의이야기,3,,,,,,,,,,,,,,,,,,,,,,,,,,,
CRM과고객분석,3,,,,,,,,,,,,,,,,,,,,,,,,,,,
C언어및자료구조,3,,,,,,,,,,,,,,,,,,,,,,,,,,,
Discussion&PresentationinEnglish,3,,,,,,,,,,,,,,,,,,,,,,,,,,,
DIY전공탐색1,1,,,,,,,,,,,,,,,,,,,,,,,,,,,
DIY전공탐색2,1,,,,,,,,,,,,,,,,,,,,,,,,,,,
DIY전공탐색3,1,,,,,,,,,,,,,,,,,,,,,,,,,,,
DIY전공탐색4,1,,,,,,,,,,,,,,,,,,,,,,,,,,,
EAS1,2,,,,,,,,,,,,,,,,,,,,,,,,,,,
EAS2,2,,,,,,,,,,,,,,,,,,,,,,,,,,,
Empowering techniques to Manage People Projects and Innovation,3,,,,,,,,,,,,,,,,,,,,,,,,,,,
EnglishConversation3,3,,,,,,,,,,,,,,,,,,,,,,,,,,,
English-KoreanConsecutiveInterpreting,3,,,,,,,,,,,,,,,,,,,,,,,,,,,
EnglishThroughDrama,3,,,,,,,,,,,,,,,,,,,,,,,,,,,
EnglishthroughFilms,3,,,,,,,,,,,,,,,,,,,,,,,,,,,
ESG대기환경학,3,,,,,,,,,,,,,,,,,,,,,,,,,,,
FundamentalsofEnglishListening&Speaking1,3,,,,,,,,,,,,,,,,,,,,,,,,,,,
GIS와 공간분석,3,,,,,,,,,,,,,,,,,,,,,,,,,,,
Global English1,3,,,,,,,,,,,,,,,,,,,,,,,,,,,
Global English2,3,,,,,,,,,,,,,,,,,,,,,,,,,,,
How to Reason Negotiate and Persuade like a boss,3,,,,,,,,,,,,,,,,,,,,,,,,,,,
ICT와소프트웨어,3,,,,,,,,,,,,,,,,,,,,,,,,,,,
ICT혁명과전자정부,3,,,,,,,,,,,,,,,,,,,,,,,,,,,
IntroductiontoComparativeLaw,3,,,,,,,,,,,,,,,,,,,,,,,,,,,
IntroductiontoLegalStudies,1,,,,,,,,,,,,,,,,,,,,,,,,,,,
IoT마이크로프로세서,3,,,,,,,,,,,,,,,,,,,,,,,,,,,
IT기반의비즈니스혁신,3,,,,,,,,,,,,,,,,,,,,,,,,,,,
IT서비스관리,3,,,,,,,,,,,,,,,,,,,,,,,,,,,
LanguageAndMind,3,,,,,,,,,,,,,,,,,,,,,,,,,,,
N-기계학습,2,,,,,,,,,,,,,,,,,,,,,,,,,,,
N-기계학습기본알고리즘,1,,,,,,,,,,,,,,,,,,,,,,,,,,,
N-데이터과학개요,1,,,,,,,,,,,,,,,,,,,,,,,,,,,
N-데이터시각화개요,1,,,,,,,,,,,,,,,,,,,,,,,,,,,
N-딥러닝알고리즘,1,,,,,,,,,,,,,,,,,,,,,,,,,,,
N-추천시스템고급알고리즘,1,,,,,,,,,,,,,,,,,,,,,,,,,,,
N-추천시스템기본알고리즘,1,,,,,,,,,,,,,,,,,,,,,,,,,,,
N-탐색적데이터분석,1,,,,,,,,,,,,,,,,,,,,,,,,,,,
OPIc,3,,,,,,,,,,,,,,,,,,,,,,,,,,,
P.R캠페인사례연구,3,,,,,,,,,,,,,,,,,,,,,,,,,,,
PresentationSkillsandPublicSpeaking,3,,,,,,,,,,,,,,,,,,,,,,,,,,,
ProfessionalEnglishWriting,3,,,,,,,,,,,,,,,,,,,,,,,,,,,
PR기획과캠페인,3,,,,,,,,,,,,,,,,,,,,,,,,,,,
PR문장론1,3,,,,,,,,,,,,,,,,,,,,,,,,,,,
PSAT: 상황판단,3,,,,,,,,,,,,,,,,,,,,,,,,,,,
PSAT: 언어논리,3,,,,,,,,,,,,,,,,,,,,,,,,,,,
PSAT: 자료해석,3,,,,,,,,,,,,,,,,,,,,,,,,,,,
TOEIC영어,3,,,,,,,,,,,,,,,,,,,,,,,,,,,
TOPIK,3,,,,,,,,,,,,,,,,,,,,,,,,,,,
가상현실,3,,,,,,,,,,,,,,,,,,,,,,,,,,,
가정교육론,3,,,,,,,,,,,,,,,,,,,,,,,,,,,
가정생활문화와토론수업,3,,,,,,,,,,,,,,,,,,,,,,,,,,,
가족관계,3,,,,,,,,,,,,,,,,,,,,,,,,,,,
가족네트워크로본동아시아사,3,,,,,,,,,,,,,,,,,,,,,,,,,,,
가족상담및가족치료,3,,,,,,,,,,,,,,,,,,,,,,,,,,,
가족학,3,,,,,,,,,,,,,,,,,,,,,,,,,,,
간화선실습,3,,,,,,,,,,,,,,,,,,,,,,,,,,,
갈등과화해의동아시아근대사,3,,,,,,,,,,,,,,,,,,,,,,,,,,,
"개발도상국,ODA,빈곤",3,,,,,,,,,,,,,,,,,,,,,,,,,,,
개별연구(첨단 바이오 치료기술 연구),1,,,,,,,,,,,,,,,,,,,,,,,,,,,
개인정보법,3,,,,,,,,,,,,,,,,,,,,,,,,,,,
객체지향설계와패턴,3,,,,,,,,,,,,,,,,,,,,,,,,,,,
객체지향프로그래밍,3,,,,,,,,,,,,,,,,,,,,,,,,,,,
거대한욕망과두려움의그림자,3,,,,,,,,,,,,,,,,,,,,,,,,,,,
거시경제원론,3,,,,,,,,,,,,,,,,,,,,,,,,,,,
거시경제학,3,,,,,,,,,,,,,,,,,,,,,,,,,,,
거시경제학Ⅰ,3,,,,,,,,,,,,,,,,,,,,,,,,,,,
거시경제학Ⅱ,3,,,,,,,,,,,,,,,,,,,,,,,,,,,
거시조직이론,3,,,,,,,,,,,,,,,,,,,,,,,,,,,
건강한정신과신체를위한불교명상,3,,,,,,,,,,,,,,,,,,,,,,,,,,,
건물유틸리티및방재시스템,3,,,,,,,,,,,,,,,,,,,,,,,,,,,
건설사업관리,3,,,,,,,,,,,,,,,,,,,,,,,,,,,
건설시공및공법2,3,,,,,,,,,,,,,,,,,,,,,,,,,,,
건설프로젝트관리,3,,,,,,,,,,,,,,,,,,,,,,,,,,,
건설환경공학개론,1,,,,,,,,,,,,,,,,,,,,,,,,,,,
건설환경캡스톤디자인,3,,,,,,,,,,,,,,,,,,,,,,,,,,,
건축CAD,3,,,,,,,,,,,,,,,,,,,,,,,,,,,
건축공학종합설계1,3,,,,,,,,,,,,,,,,,,,,,,,,,,,
건축과도시설계,3,,,,,,,,,,,,,,,,,,,,,,,,,,,
건축과사회,3,,,,,,,,,,,,,,,,,,,,,,,,,,,
건축구조역학2,3,,,,,,,,,,,,,,,,,,,,,,,,,,,
건축구조해석,3,,,,,,,,,,,,,,,,,,,,,,,,,,,
건축기술1,3,,,,,,,,,,,,,,,,,,,,,,,,,,,
건축설계1,3,,,,,,,,,,,,,,,,,,,,,,,,,,,
건축설계3,4,,,,,,,,,,,,,,,,,,,,,,,,,,,
건축실무와법제도,3,,,,,,,,,,,,,,,,,,,,,,,,,,,
건축열환경공학,3,,,,,,,,,,,,,,,,,,,,,,,,,,,
건축종합설계1,5,,,,,,,,,,,,,,,,,,,,,,,,,,,
건축환경계획,3,,,,,,,,,,,,,,,,,,,,,,,,,,,
게임엔진프로그래밍,3,,,,,,,,,,,,,,,,,,,,,,,,,,,
게임이론,3,,,,,,,,,,,,,,,,,,,,,,,,,,,
경영경제,3,,,,,,,,,,,,,,,,,,,,,,,,,,,
경영과학2,3,,,,,,,,,,,,,,,,,,,,,,,,,,,
경영사례분석,3,,,,,,,,,,,,,,,,,,,,,,,,,,,
경영수학,3,,,,,,,,,,,,,,,,,,,,,,,,,,,
경영전략,3,,,,,,,,,,,,,,,,,,,,,,,,,,,
경영정보론,3,,,,,,,,,,,,,,,,,,,,,,,,,,,
경영통계,3,,,,,,,,,,,,,,,,,,,,,,,,,,,
경영학원론,3,,,,,,,,,,,,,,,,,,,,,,,,,,,
경영학의이해,3,,,,,,,,,,,,,,,,,,,,,,,,,,,
경제법,3,,,,,,,,,,,,,,,,,,,,,,,,,,,
경제수학,3,,,,,,,,,,,,,,,,,,,,,,,,,,,
경제와사회명작세미나,3,,,,,,,,,,,,,,,,,,,,,,,,,,,
경제지리학,3,,,,,,,,,,,,,,,,,,,,,,,,,,,
경제통계학,3,,,,,,,,,,,,,,,,,,,,,,,,,,,
경제학강독,3,,,,,,,,,,,,,,,,,,,,,,,,,,,
경제학개론,3,,,,,,,,,,,,,,,,,,,,,,,,,,,
경찰과사회,3,,,,,,,,,,,,,,,,,,,,,,,,,,,
경찰조직관리,3,,,,,,,,,,,,,,,,,,,,,,,,,,,
경찰체육실습Ⅰ,2,,,,,,,,,,,,,,,,,,,,,,,,,,,
경찰학개론,3,,,,,,,,,,,,,,,,,,,,,,,,,,,
경찰행정학특강,3,,,,,,,,,,,,,,,,,,,,,,,,,,,
계급과불평등,3,,,,,,,,,,,,,,,,,,,,,,,,,,,
계량경제학,3,,,,,,,,,,,,,,,,,,,,,,,,,,,
계산적사고법,3,,,,,,,,,,,,,,,,,,,,,,,,,,,
계산화학및실습,3,,,,,,,,,,,,,,,,,,,,,,,,,,,
계율학,3,,,,,,,,,,,,,,,,,,,,,,,,,,,
고급의생명공학연구(캡스톤디자인),0,,,,,,,,,,,,,,,,,,,,,,,,,,,
고급회계1,3,,,,,,,,,,,,,,,,,,,,,,,,,,,
고등미적분,3,,,,,,,,,,,,,,,,,,,,,,,,,,,
고분자소재 및 응용,3,,,,,,,,,,,,,,,,,,,,,,,,,,,
고분자화학,3,,,,,,,,,,,,,,,,,,,,,,,,,,,
고용관계론,3,,,,,,,,,,,,,,,,,,,,,,,,,,,
고전문학특강,3,,,,,,,,,,,,,,,,,,,,,,,,,,,
고전시가교육론,3,,,,,,,,,,,,,,,,,,,,,,,,,,,
고전영화감상,1,,,,,,,,,,,,,,,,,,,,,,,,,,,
고체물리학1,3,,,,,,,,,,,,,,,,,,,,,,,,,,,
고체역학,3,,,,,,,,,,,,,,,,,,,,,,,,,,,
고체전자소자,3,,,,,,,,,,,,,,,,,,,,,,,,,,,
고체화학,3,,,,,,,,,,,,,,,,,,,,,,,,,,,
골프,1,,,,,,,,,,,,,,,,,,,,,,,,,,,
골프지도법,1,,,,,,,,,,,,,,,,,,,,,,,,,,,
공감의리더십,2,,,,,,,,,,,,,,,,,,,,,,,,,,,
공개SW프로젝트,3,,,,,,,,,,,,,,,,,,,,,,,,,,,
공공기관론,3,,,,,,,,,,,,,,,,,,,,,,,,,,,
공공성과거버넌스,3,,,,,,,,,,,,,,,,,,,,,,,,,,,
공공역사문화학입문,3,,,,,,,,,,,,,,,,,,,,,,,,,,,
공공의기억과대중문화,3,,,,,,,,,,,,,,,,,,,,,,,,,,,
공급사슬관리,3,,,,,,,,,,,,,,,,,,,,,,,,,,,
공업물리화학,3,,,,,,,,,,,,,,,,,,,,,,,,,,,
공업수학,3,,,,,,,,,,,,,,,,,,,,,,,,,,,
공업유기화학1,3,,,,,,,,,,,,,,,,,,,,,,,,,,,
공연예술비평,3,,,,,,,,,,,,,,,,,,,,,,,,,,,
공익캠페인,3,,,,,,,,,,,,,,,,,,,,,,,,,,,
공존과 문화다양성,3,,,,,,,,,,,,,,,,,,,,,,,,,,,
공학경제,3,,,,,,,,,,,,,,,,,,,,,,,,,,,
공학선형대수학,3,,,,,,,,,,,,,,,,,,,,,,,,,,,
공학수학1,3,,,,,,,,,,,,,,,,,,,,,,,,,,,
공학윤리,3,,,,,,,,,,,,,,,,,,,,,,,,,,,
과학기술과사회,3,,,,,,,,,,,,,,,,,,,,,,,,,,,
과학기술과위험사회,2,,,,,,,,,,,,,,,,,,,,,,,,,,,
과학기술법,3,,,,,,,,,,,,,,,,,,,,,,,,,,,
과학기술의이해,2,,,,,,,,,,,,,,,,,,,,,,,,,,,
과학수사학,3,,,,,,,,,,,,,,,,,,,,,,,,,,,
과학철학,3,,,,,,,,,,,,,,,,,,,,,,,,,,,
관리회계,3,,,,,,,,,,,,,,,,,,,,,,,,,,,
관현악1,1,,,,,,,,,,,,,,,,,,,,,,,,,,,
광고와브랜드커뮤니케이션전략입문,3,,,,,,,,,,,,,,,,,,,,,,,,,,,
광고와소비사회,3,,,,,,,,,,,,,,,,,,,,,,,,,,,
광고캠페인연구,3,,,,,,,,,,,,,,,,,,,,,,,,,,,
광고학개론,3,,,,,,,,,,,,,,,,,,,,,,,,,,,
광고홍보의이해,3,,,,,,,,,,,,,,,,,,,,,,,,,,,
광고홍보조사방법론Ⅰ,3,,,,,,,,,,,,,,,,,,,,,,,,,,,
광전자공학,3,,,,,,,,,,,,,,,,,,,,,,,,,,,
광전자소자,3,,,,,,,,,,,,,,,,,,,,,,,,,,,
교양한문,3,,,,,,,,,,,,,,,,,,,,,,,,,,,
교유와 치유의 한시감상,3,,,,,,,,,,,,,,,,,,,,,,,,,,,
교육과정,2,,,,,,,,,,,,,,,,,,,,,,,,,,,
교육방법및교육공학,2,,,,,,,,,,,,,,,,,,,,,,,,,,,
교육봉사활동1,1,,,,,,,,,,,,,,,,,,,,,,,,,,,
교육봉사활동2,1,,,,,,,,,,,,,,,,,,,,,,,,,,,
교육사회,2,,,,,,,,,,,,,,,,,,,,,,,,,,,
교육사회학,3,,,,,,,,,,,,,,,,,,,,,,,,,,,
교육심리,2,,,,,,,,,,,,,,,,,,,,,,,,,,,
교육철학,3,,,,,,,,,,,,,,,,,,,,,,,,,,,
교육철학및교육사,2,,,,,,,,,,,,,,,,,,,,,,,,,,,
교육평가,2,,,,,,,,,,,,,,,,,,,,,,,,,,,
교육학개론,3,,,,,,,,,,,,,,,,,,,,,,,,,,,
교육학교재연구및지도법,3,,,,,,,,,,,,,,,,,,,,,,,,,,,
교육행정,3,,,,,,,,,,,,,,,,,,,,,,,,,,,
교육행정및교육경영,2,,,,,,,,,,,,,,,,,,,,,,,,,,,
교정학,3,,,,,,,,,,,,,,,,,,,,,,,,,,,
교정학(재활과사회복귀),3,,,,,,,,,,,,,,,,,,,,,,,,,,,
교직논리및논술,3,,,,,,,,,,,,,,,,,,,,,,,,,,,
교직실무,1,,,,,,,,,,,,,,,,,,,,,,,,,,,
구조역학,3,,,,,,,,,,,,,,,,,,,,,,,,,,,
국문학개론,3,,,,,,,,,,,,,,,,,,,,,,,,,,,
국어과평가의이론과실제,3,,,,,,,,,,,,,,,,,,,,,,,,,,,
국어교육론,3,,,,,,,,,,,,,,,,,,,,,,,,,,,
국어국문학졸업논문(캡스톤디자인),3,,,,,,,,,,,,,,,,,,,,,,,,,,,
국어학의이해,3,,,,,,,,,,,,,,,,,,,,,,,,,,,
국제개발과비교행정(캡스톤디자인),3,,,,,,,,,,,,,,,,,,,,,,,,,,,
국제개발협력론,3,,,,,,,,,,,,,,,,,,,,,,,,,,,
국제경영입문,3,,,,,,,,,,,,,,,,,,,,,,,,,,,
국제경제데이터분석,3,,,,,,,,,,,,,,,,,,,,,,,,,,,
국제경제론,3,,,,,,,,,,,,,,,,,,,,,,,,,,,
국제경제법,3,,,,,,,,,,,,,,,,,,,,,,,,,,,
국제금융론,3,,,,,,,,,,,,,,,,,,,,,,,,,,,
국제금융이론,3,,,,,,,,,,,,,,,,,,,,,,,,,,,
국제무역과마케팅,3,,,,,,,,,,,,,,,,,,,,,,,,,,,
국제무역론,3,,,,,,,,,,,,,,,,,,,,,,,,,,,
국제무역세미나,3,,,,,,,,,,,,,,,,,,,,,,,,,,,
국제법각론,3,,,,,,,,,,,,,,,,,,,,,,,,,,,
국제정치입문,3,,,,,,,,,,,,,,,,,,,,,,,,,,,
국제통상세미나,3,,,,,,,,,,,,,,,,,,,,,,,,,,,
국제통상의이해,3,,,,,,,,,,,,,,,,,,,,,,,,,,,
국제홍보론,3,,,,,,,,,,,,,,,,,,,,,,,,,,,
그래픽커뮤니케이션사이언스입문,3,,,,,,,,,,,,,,,,,,,,,,,,,,,
그리스문학과신화이야기,3,,,,,,,,,,,,,,,,,,,,,,,,,,,
극문학창작실기,3,,,,,,,,,,,,,,,,,,,,,,,,,,,
극문학창작입문,3,,,,,,,,,,,,,,,,,,,,,,,,,,,
극영화제작캡스톤디자인,3,,,,,,,,,,,,,,,,,,,,,,,,,,,
극장경영,2,,,,,,,,,,,,,,,,,,,,,,,,,,,
근대영국문학과문화,3,,,,,,,,,,,,,,,,,,,,,,,,,,,
근대영국소설,3,,,,,,,,,,,,,,,,,,,,,,,,,,,
근현대인도사상,3,,,,,,,,,,,,,,,,,,,,,,,,,,,
글로벌거버넌스와국제기구(캡스톤디자인),3,,,,,,,,,,,,,,,,,,,,,,,,,,,
글로벌리더십,2,,,,,,,,,,,,,,,,,,,,,,,,,,,
글로벌무역과마케팅,3,,,,,,,,,,,,,,,,,,,,,,,,,,,
글로벌무역실무,3,,,,,,,,,,,,,,,,,,,,,,,,,,,
글로벌수출입전략,3,,,,,,,,,,,,,,,,,,,,,,,,,,,
글로벌시대의대중문화론,3,,,,,,,,,,,,,,,,,,,,,,,,,,,
글로벌에콜로지컬히스토리,3,,,,,,,,,,,,,,,,,,,,,,,,,,,
글로벌인적자원이해,3,,,,,,,,,,,,,,,,,,,,,,,,,,,
글로벌전략경영론,3,,,,,,,,,,,,,,,,,,,,,,,,,,,
글로벌한국문화,3,,,,,,,,,,,,,,,,,,,,,,,,,,,
글로벌한국사,3,,,,,,,,,,,,,,,,,,,,,,,,,,,
금서의문화사,3,,,,,,,,,,,,,,,,,,,,,,,,,,,
금속조1(캡스톤디자인),2,,,,,,,,,,,,,,,,,,,,,,,,,,,
금융경제학,3,,,,,,,,,,,,,,,,,,,,,,,,,,,
금융공학입문,3,,,,,,,,,,,,,,,,,,,,,,,,,,,
금융론,3,,,,,,,,,,,,,,,,,,,,,,,,,,,
금융사례분석,3,,,,,,,,,,,,,,,,,,,,,,,,,,,
금융산업의이해,3,,,,,,,,,,,,,,,,,,,,,,,,,,,
금융수학,3,,,,,,,,,,,,,,,,,,,,,,,,,,,
기계설계,3,,,,,,,,,,,,,,,,,,,,,,,,,,,
기계제도,2,,,,,,,,,,,,,,,,,,,,,,,,,,,
기계학습,3,,,,,,,,,,,,,,,,,,,,,,,,,,,
기계학습기반범죄예측,3,,,,,,,,,,,,,,,,,,,,,,,,,,,
기기분석실험,3,,,,,,,,,,,,,,,,,,,,,,,,,,,
기능성식품학1,3,,,,,,,,,,,,,,,,,,,,,,,,,,,
기능해부학,2,,,,,,,,,,,,,,,,,,,,,,,,,,,
기능회복트레이닝,1,,,,,,,,,,,,,,,,,,,,,,,,,,,
기사작성실습,3,,,,,,,,,,,,,,,,,,,,,,,,,,,
기술보고서작성및발표,3,,,,,,,,,,,,,,,,,,,,,,,,,,,
기술창업캡스톤디자인1,3,,,,,,,,,,,,,,,,,,,,,,,,,,,
기술창조와특허,3,,,,,,,,,,,,,,,,,,,,,,,,,,,
기술혁신경영,3,,,,,,,,,,,,,,,,,,,,,,,,,,,
기업가정신과 리더십,2,,,,,,,,,,,,,,,,,,,,,,,,,,,
기업가치평가,3,,,,,,,,,,,,,,,,,,,,,,,,,,,
기업범죄론,3,,,,,,,,,,,,,,,,,,,,,,,,,,,
기업실무기초(인사),2,,,,,,,,,,,,,,,,,,,,,,,,,,,
기업운영의기초:수요와공급의균형,1,,,,,,,,,,,,,,,,,,,,,,,,,,,
기초공학,3,,,,,,,,,,,,,,,,,,,,,,,,,,,
기초반도체공학1,3,,,,,,,,,,,,,,,,,,,,,,,,,,,
기초불교미술1,2,,,,,,,,,,,,,,,,,,,,,,,,,,,
기초수학(인문),1,,,,,,,,,,,,,,,,,,,,,,,,,,,
기초영양학,3,,,,,,,,,,,,,,,,,,,,,,,,,,,
기초의용전자실험,3,,,,,,,,,,,,,,,,,,,,,,,,,,,
기초조소1,2,,,,,,,,,,,,,,,,,,,,,,,,,,,
기초프로그래밍,3,,,,,,,,,,,,,,,,,,,,,,,,,,,
기초회화1,2,,,,,,,,,,,,,,,,,,,,,,,,,,,
기후변화학,3,,,,,,,,,,,,,,,,,,,,,,,,,,,
나노과학개론,3,,,,,,,,,,,,,,,,,,,,,,,,,,,
나노바이오엔지니어링,3,,,,,,,,,,,,,,,,,,,,,,,,,,,
나노소재응용및실험,3,,,,,,,,,,,,,,,,,,,,,,,,,,,
"나의 생각 : 나와 타인, 사회에 대한 인지",3,,,,,,,,,,,,,,,,,,,,,,,,,,,
네트워크개론,3,,,,,,,,,,,,,,,,,,,,,,,,,,,
네트워크프로그래밍,3,,,,,,,,,,,,,,,,,,,,,,,,,,,
노동경제학,3,,,,,,,,,,,,,,,,,,,,,,,,,,,
노동법,3,,,,,,,,,,,,,,,,,,,,,,,,,,,
노래이면실습1,1,,,,,,,,,,,,,,,,,,,,,,,,,,,
노래이면실습3,1,,,,,,,,,,,,,,,,,,,,,,,,,,,
노벨상으로보는생명이야기,2,,,,,,,,,,,,,,,,,,,,,,,,,,,
노인복지론,3,,,,,,,,,,,,,,,,,,,,,,,,,,,
논리와증명,3,,,,,,,,,,,,,,,,,,,,,,,,,,,
농구,1,,,,,,,,,,,,,,,,,,,,,,,,,,,
뉴미디어시각효과입문,3,,,,,,,,,,,,,,,,,,,,,,,,,,,
다문화사회의삶,2,,,,,,,,,,,,,,,,,,,,,,,,,,,
다문화이해와문화콘텐츠기획,2,,,,,,,,,,,,,,,,,,,,,,,,,,,
다변량및시계열데이터분석,3,,,,,,,,,,,,,,,,,,,,,,,,,,,
다변량해석,3,,,,,,,,,,,,,,,,,,,,,,,,,,,
다큐멘타리분석,3,,,,,,,,,,,,,,,,,,,,,,,,,,,
다큐멘타리제작캡스톤디자인,3,,,,,,,,,,,,,,,,,,,,,,,,,,,
단백질공학 및 실험,3,,,,,,,,,,,,,,,,,,,,,,,,,,,
단백질생화학,3,,,,,,,,,,,,,,,,,,,,,,,,,,,
단백질체학,3,,,,,,,,,,,,,,,,,,,,,,,,,,,
단청개론과실습,2,,,,,,,,,,,,,,,,,,,,,,,,,,,
담보법,3,,,,,,,,,,,,,,,,,,,,,,,,,,,
당대시강독,3,,,,,,,,,,,,,,,,,,,,,,,,,,,
대수및기하,3,,,,,,,,,,,,,,,,,,,,,,,,,,,
대테러리즘,3,,,,,,,,,,,,,,,,,,,,,,,,,,,
대학과청년문화,3,,,,,,,,,,,,,,,,,,,,,,,,,,,
대학생물학및실험1,4,,,,,,,,,,,,,,,,,,,,,,,,,,,
대학생을위한실용금융,2,,,,,,,,,,,,,,,,,,,,,,,,,,,
대학생의 자기주도적 학습전략,2,,,,,,,,,,,,,,,,,,,,,,,,,,,
대학통계학및실습1,4,,,,,,,,,,,,,,,,,,,,,,,,,,,
대학한국어Ⅰ(독해와작문),2,,,,,,,,,,,,,,,,,,,,,,,,,,,
대학한국어Ⅰ(발표와토론),2,,,,,,,,,,,,,,,,,,,,,,,,,,,
대학한국어Ⅱ(독해와작문),3,,,,,,,,,,,,,,,,,,,,,,,,,,,
대학한국어Ⅱ(발표와토론),2,,,,,,,,,,,,,,,,,,,,,,,,,,,
댄스스포츠,1,,,,,,,,,,,,,,,,,,,,,,,,,,,
더행복해지기-행복심리학,2,,,,,,,,,,,,,,,,,,,,,,,,,,,
데이터경제학,3,,,,,,,,,,,,,,,,,,,,,,,,,,,
데이터랭글링,3,,,,,,,,,,,,,,,,,,,,,,,,,,,
데이터마이닝,3,,,,,,,,,,,,,,,,,,,,,,,,,,,
데이터마케팅,3,,,,,,,,,,,,,,,,,,,,,,,,,,,
데이터베이스,3,,,,,,,,,,,,,,,,,,,,,,,,,,,
데이터분석및시각화,3,,,,,,,,,,,,,,,,,,,,,,,,,,,
데이터사이언스개론,3,,,,,,,,,,,,,,,,,,,,,,,,,,,
데이터사이언스를위한파이썬프로그래밍,3,,,,,,,,,,,,,,,,,,,,,,,,,,,
데이터사이언스캡스톤디자인,3,,,,,,,,,,,,,,,,,,,,,,,,,,,
데이터압축,3,,,,,,,,,,,,,,,,,,,,,,,,,,,
데이터애널리틱스,3,,,,,,,,,,,,,,,,,,,,,,,,,,,
데이터어낼리틱스,3,,,,,,,,,,,,,,,,,,,,,,,,,,,
데이터통신,3,,,,,,,,,,,,,,,,,,,,,,,,,,,
데이터프로그래밍기초와실습,3,,,,,,,,,,,,,,,,,,,,,,,,,,,
도시에서 생태적으로 살아가기,3,,,,,,,,,,,,,,,,,,,,,,,,,,,
독서교육론,3,,,,,,,,,,,,,,,,,,,,,,,,,,,
독일고전철학,3,,,,,,,,,,,,,,,,,,,,,,,,,,,
독일어(초급),3,,,,,,,,,,,,,,,,,,,,,,,,,,,
동국의역사와인물,1,,,,,,,,,,,,,,,,,,,,,,,,,,,
동남아시아와불교문화,3,,,,,,,,,,,,,,,,,,,,,,,,,,,
동물생리학,3,,,,,,,,,,,,,,,,,,,,,,,,,,,
동물의마음:인간과의공존가능성,2,,,,,,,,,,,,,,,,,,,,,,,,,,,
"동부유라시아와한국,갈등과교류의역사",3,,,,,,,,,,,,,,,,,,,,,,,,,,,
동북아질서와한반도통일세미나(캡스톤디자인),3,,,,,,,,,,,,,,,,,,,,,,,,,,,
동아시아고대사,3,,,,,,,,,,,,,,,,,,,,,,,,,,,
동아시아근현대사,3,,,,,,,,,,,,,,,,,,,,,,,,,,,
동아시아사교육세미나,3,,,,,,,,,,,,,,,,,,,,,,,,,,,
동아시아역사상의소통과교류,3,,,,,,,,,,,,,,,,,,,,,,,,,,,
동아시아역사상의중심과주변,3,,,,,,,,,,,,,,,,,,,,,,,,,,,
동아시아의역사와문화,3,,,,,,,,,,,,,,,,,,,,,,,,,,,
동양고대사,3,,,,,,,,,,,,,,,,,,,,,,,,,,,
동양고전강독,3,,,,,,,,,,,,,,,,,,,,,,,,,,,
동양근세사,3,,,,,,,,,,,,,,,,,,,,,,,,,,,
동양미술사,3,,,,,,,,,,,,,,,,,,,,,,,,,,,
동양사특강,3,,,,,,,,,,,,,,,,,,,,,,,,,,,
드로잉1,2,,,,,,,,,,,,,,,,,,,,,,,,,,,
드로잉연구1,2,,,,,,,,,,,,,,,,,,,,,,,,,,,
드론사진과 여행,3,,,,,,,,,,,,,,,,,,,,,,,,,,,
디스플레이공학,3,,,,,,,,,,,,,,,,,,,,,,,,,,,
디지털 기술과 사회의 이해(인문사회예체능계열),3,,,,,,,,,,,,,,,,,,,,,,,,,,,
디지털 기술과 사회의 이해(자연공학계열),3,,,,,,,,,,,,,,,,,,,,,,,,,,,
디지털 큐레이션,3,,,,,,,,,,,,,,,,,,,,,,,,,,,
디지털공학,3,,,,,,,,,,,,,,,,,,,,,,,,,,,
디지털교육,1,,,,,,,,,,,,,,,,,,,,,,,,,,,
디지털기술과미래역량,3,,,,,,,,,,,,,,,,,,,,,,,,,,,
디지털논리설계및실습,3,,,,,,,,,,,,,,,,,,,,,,,,,,,
디지털다문화사회와AI,3,,,,,,,,,,,,,,,,,,,,,,,,,,,
디지털문예창작연습,3,,,,,,,,,,,,,,,,,,,,,,,,,,,
디지털붓다와의대화,3,,,,,,,,,,,,,,,,,,,,,,,,,,,
디지털시대의 정치학연구방법,3,,,,,,,,,,,,,,,,,,,,,,,,,,,
디지털시대의글쓰기,3,,,,,,,,,,,,,,,,,,,,,,,,,,,
디지털신호처리,3,,,,,,,,,,,,,,,,,,,,,,,,,,,
디지털신호처리및설계,3,,,,,,,,,,,,,,,,,,,,,,,,,,,
디지털역사학방법론과실습,3,,,,,,,,,,,,,,,,,,,,,,,,,,,
디지털영상촬영,3,,,,,,,,,,,,,,,,,,,,,,,,,,,
디지털저널리즘실습,3,,,,,,,,,,,,,,,,,,,,,,,,,,,
디지털전환과한일게임산업,3,,,,,,,,,,,,,,,,,,,,,,,,,,,
"디지털전환시대,삶의변화와불교휴머니티",3,,,,,,,,,,,,,,,,,,,,,,,,,,,
디지털진단영상시스템,3,,,,,,,,,,,,,,,,,,,,,,,,,,,
디지털집적회로설계,3,,,,,,,,,,,,,,,,,,,,,,,,,,,
라틴어(초급),3,,,,,,,,,,,,,,,,,,,,,,,,,,,
랜덤신호이론,3,,,,,,,,,,,,,,,,,,,,,,,,,,,
러시아어(초급),3,,,,,,,,,,,,,,,,,,,,,,,,,,,
레트로 동아시아의 건축공간과 신화,3,,,,,,,,,,,,,,,,,,,,,,,,,,,
로봇공학,3,,,,,,,,,,,,,,,,,,,,,,,,,,,
로봇동역학,3,,,,,,,,,,,,,,,,,,,,,,,,,,,
로봇제조실습,3,,,,,,,,,,,,,,,,,,,,,,,,,,,
로봇프로그래밍,3,,,,,,,,,,,,,,,,,,,,,,,,,,,
로컬크리에이터,3,,,,,,,,,,,,,,,,,,,,,,,,,,,
롤플레이일본어회화,3,,,,,,,,,,,,,,,,,,,,,,,,,,,
리걸테크,3,,,,,,,,,,,,,,,,,,,,,,,,,,,
리버스엔지니어링,3,,,,,,,,,,,,,,,,,,,,,,,,,,,
마이크로프로세서응용및실험,3,,,,,,,,,,,,,,,,,,,,,,,,,,,
마케팅 에스노그라피와 빅데이터 기반 디자인씽킹,1,,,,,,,,,,,,,,,,,,,,,,,,,,,
마케팅리서치(NCS),3,,,,,,,,,,,,,,,,,,,,,,,,,,,
마케팅원론(NCS),3,,,,,,,,,,,,,,,,,,,,,,,,,,,
마케팅커뮤니케이션(캡스톤디자인),3,,,,,,,,,,,,,,,,,,,,,,,,,,,
만해와불교의민족운동,2,,,,,,,,,,,,,,,,,,,,,,,,,,,
만해의생애와사상,2,,,,,,,,,,,,,,,,,,,,,,,,,,,
말은 마음이 지은 집,3,,,,,,,,,,,,,,,,,,,,,,,,,,,
매스컴연구방법,3,,,,,,,,,,,,,,,,,,,,,,,,,,,
"매체를통한소통,사고를디자인하다",3,,,,,,,,,,,,,,,,,,,,,,,,,,,
매체전략론,3,,,,,,,,,,,,,,,,,,,,,,,,,,,
머신러닝,3,,,,,,,,,,,,,,,,,,,,,,,,,,,
머신러닝1,3,,,,,,,,,,,,,,,,,,,,,,,,,,,
머신러닝과데이터사이언스,3,,,,,,,,,,,,,,,,,,,,,,,,,,,
메모리회로설계및실습,3,,,,,,,,,,,,,,,,,,,,,,,,,,,
메이커교육의이론과실천,2,,,,,,,,,,,,,,,,,,,,,,,,,,,
멘토프로그램(국어선생님의길),1,,,,,,,,,,,,,,,,,,,,,,,,,,,
멘토프로그램(미술관 탐방I),1,,,,,,,,,,,,,,,,,,,,,,,,,,,
멘토프로그램(미술현장과담론),1,,,,,,,,,,,,,,,,,,,,,,,,,,,
멘토프로그램(법조유사직역 이해),1,,,,,,,,,,,,,,,,,,,,,,,,,,,
멘토프로그램(불교미술감상법),1,,,,,,,,,,,,,,,,,,,,,,,,,,,
멘토프로그램(지방의회 입법전문가 양성기초),1,,,,,,,,,,,,,,,,,,,,,,,,,,,
면역학,3,,,,,,,,,,,,,,,,,,,,,,,,,,,
"명상,레벨업",3,,,,,,,,,,,,,,,,,,,,,,,,,,,
명상과 가상현실,3,,,,,,,,,,,,,,,,,,,,,,,,,,,
무기화학1,3,,,,,,,,,,,,,,,,,,,,,,,,,,,
무브먼트1,2,,,,,,,,,,,,,,,,,,,,,,,,,,,
무선통신,3,,,,,,,,,,,,,,,,,,,,,,,,,,,
무술,2,,,,,,,,,,,,,,,,,,,,,,,,,,,
무역리스크관리론,3,,,,,,,,,,,,,,,,,,,,,,,,,,,
무역스타트업이론과실습,3,,,,,,,,,,,,,,,,,,,,,,,,,,,
무역정책론,3,,,,,,,,,,,,,,,,,,,,,,,,,,,
무역통계연습,3,,,,,,,,,,,,,,,,,,,,,,,,,,,
문예비평교육론,3,,,,,,,,,,,,,,,,,,,,,,,,,,,
문학번역,3,,,,,,,,,,,,,,,,,,,,,,,,,,,
문학번역의인간번역VS신경망기반인공지능번역,3,,,,,,,,,,,,,,,,,,,,,,,,,,,
문학이란무엇인가,3,,,,,,,,,,,,,,,,,,,,,,,,,,,
문화경제학1,3,,,,,,,,,,,,,,,,,,,,,,,,,,,
문화기획의불교적실천,3,,,,,,,,,,,,,,,,,,,,,,,,,,,
문화기획의이론과실습,3,,,,,,,,,,,,,,,,,,,,,,,,,,,
'문화'로읽는우리시대,3,,,,,,,,,,,,,,,,,,,,,,,,,,,
문화와예술명작세미나,3,,,,,,,,,,,,,,,,,,,,,,,,,,,
문화유산보존과학,3,,,,,,,,,,,,,,,,,,,,,,,,,,,
문화유산보존과학개론,3,,,,,,,,,,,,,,,,,,,,,,,,,,,
문화유산보존론과실습(캡스톤디자인),2,,,,,,,,,,,,,,,,,,,,,,,,,,,
문화유산재료연구,3,,,,,,,,,,,,,,,,,,,,,,,,,,,
문화자원학과동아시아불교유산,3,,,,,,,,,,,,,,,,,,,,,,,,,,,
문화자원학의이론과활용,3,,,,,,,,,,,,,,,,,,,,,,,,,,,
물과환경,3,,,,,,,,,,,,,,,,,,,,,,,,,,,
물리교육론,3,,,,,,,,,,,,,,,,,,,,,,,,,,,
물리보안,3,,,,,,,,,,,,,,,,,,,,,,,,,,,
물리약학2,2,,,,,,,,,,,,,,,,,,,,,,,,,,,
물리연구프로젝트1,3,,,,,,,,,,,,,,,,,,,,,,,,,,,
물리전자공학1,3,,,,,,,,,,,,,,,,,,,,,,,,,,,
물리학과첨단기술어드벤쳐디자인,2,,,,,,,,,,,,,,,,,,,,,,,,,,,
물리화학(분광학),3,,,,,,,,,,,,,,,,,,,,,,,,,,,
물리화학1,3,,,,,,,,,,,,,,,,,,,,,,,,,,,
물리화학3,3,,,,,,,,,,,,,,,,,,,,,,,,,,,
물리화학실험,3,,,,,,,,,,,,,,,,,,,,,,,,,,,
"물품과도구,기술로읽는세계사",3,,,,,,,,,,,,,,,,,,,,,,,,,,,
물품의글로벌히스토리,3,,,,,,,,,,,,,,,,,,,,,,,,,,,
뮤지컬보컬1,2,,,,,,,,,,,,,,,,,,,,,,,,,,,
뮤지컬보컬3,2,,,,,,,,,,,,,,,,,,,,,,,,,,,
뮤지컬보컬5,2,,,,,,,,,,,,,,,,,,,,,,,,,,,
뮤지컬연기1,3,,,,,,,,,,,,,,,,,,,,,,,,,,,
뮤지컬제작1(캡스톤디자인),3,,,,,,,,,,,,,,,,,,,,,,,,,,,
뮤지컬제작3(캡스톤디자인),3,,,,,,,,,,,,,,,,,,,,,,,,,,,
미국문화와영화,3,,,,,,,,,,,,,,,,,,,,,,,,,,,
미국사,3,,,,,,,,,,,,,,,,,,,,,,,,,,,
미국외교사,3,,,,,,,,,,,,,,,,,,,,,,,,,,,
미디어산업론,3,,,,,,,,,,,,,,,,,,,,,,,,,,,
미디어심리학,3,,,,,,,,,,,,,,,,,,,,,,,,,,,
미디어와불교시창작입문,3,,,,,,,,,,,,,,,,,,,,,,,,,,,
미디어커뮤니케이션학입문,3,,,,,,,,,,,,,,,,,,,,,,,,,,,
미디어통번역,3,,,,,,,,,,,,,,,,,,,,,,,,,,,
미래글로벌지도자로서의말의힘,3,,,,,,,,,,,,,,,,,,,,,,,,,,,
미래기술문명사회에서 호모루덴스들의 놀이여행,3,,,,,,,,,,,,,,,,,,,,,,,,,,,
미래도시와로컬크리에이팅프로젝트,2,,,,,,,,,,,,,,,,,,,,,,,,,,,
미래사회와 식물,3,,,,,,,,,,,,,,,,,,,,,,,,,,,
미래사회와경찰활동,3,,,,,,,,,,,,,,,,,,,,,,,,,,,
미래인간과위험사회,2,,,,,,,,,,,,,,,,,,,,,,,,,,,
미래지식산업사회의이해,3,,,,,,,,,,,,,,,,,,,,,,,,,,,
미래환경과위험사회,2,,,,,,,,,,,,,,,,,,,,,,,,,,,
미분기하1,3,,,,,,,,,,,,,,,,,,,,,,,,,,,
미분기하학,3,,,,,,,,,,,,,,,,,,,,,,,,,,,
미생물학,3,,,,,,,,,,,,,,,,,,,,,,,,,,,
미세먼지과학,3,,,,,,,,,,,,,,,,,,,,,,,,,,,
미술교육론,3,,,,,,,,,,,,,,,,,,,,,,,,,,,
미술해부학,2,,,,,,,,,,,,,,,,,,,,,,,,,,,
미시경제원론,3,,,,,,,,,,,,,,,,,,,,,,,,,,,
미시경제학,3,,,,,,,,,,,,,,,,,,,,,,,,,,,
미시경제학Ⅰ,3,,,,,,,,,,,,,,,,,,,,,,,,,,,
미시경제학Ⅱ,3,,,,,,,,,,,,,,,,,,,,,,,,,,,
미적분학및연습1,3,,,,,,,,,,,,,,,,,,,,,,,,,,,
미적분학및연습2,3,,,,,,,,,,,,,,,,,,,,,,,,,,,
민법총칙,3,,,,,,,,,,,,,,,,,,,,,,,,,,,
민주주의와시장경제,2,,,,,,,,,,,,,,,,,,,,,,,,,,,
민주화·내전·쿠데타,3,,,,,,,,,,,,,,,,,,,,,,,,,,,
바이오가공개론,3,,,,,,,,,,,,,,,,,,,,,,,,,,,
바이오메디컬반도체공학및실험,3,,,,,,,,,,,,,,,,,,,,,,,,,,,
바이오메디컬센서공학,3,,,,,,,,,,,,,,,,,,,,,,,,,,,
바이오메디컬이동현상,3,,,,,,,,,,,,,,,,,,,,,,,,,,,
바이오메디컬프로그래밍1,3,,,,,,,,,,,,,,,,,,,,,,,,,,,
바이오산업공학,3,,,,,,,,,,,,,,,,,,,,,,,,,,,
바이오유기화학,2,,,,,,,,,,,,,,,,,,,,,,,,,,,
바이오환경과학1,3,,,,,,,,,,,,,,,,,,,,,,,,,,,
반도체공정및실습1,3,,,,,,,,,,,,,,,,,,,,,,,,,,,
반도체기초및실습,3,,,,,,,,,,,,,,,,,,,,,,,,,,,
반도체나노바이오소재,3,,,,,,,,,,,,,,,,,,,,,,,,,,,
반도체메모리소자,3,,,,,,,,,,,,,,,,,,,,,,,,,,,
반도체박막공학,3,,,,,,,,,,,,,,,,,,,,,,,,,,,
반도체산학강좌,2,,,,,,,,,,,,,,,,,,,,,,,,,,,
반도체소자및실습1,3,,,,,,,,,,,,,,,,,,,,,,,,,,,
반응공학,3,,,,,,,,,,,,,,,,,,,,,,,,,,,
발레1,2,,,,,,,,,,,,,,,,,,,,,,,,,,,
발림실습1,1,,,,,,,,,,,,,,,,,,,,,,,,,,,
발림실습3,1,,,,,,,,,,,,,,,,,,,,,,,,,,,
발생학,3,,,,,,,,,,,,,,,,,,,,,,,,,,,
발효공학,3,,,,,,,,,,,,,,,,,,,,,,,,,,,
방송댄스,1,,,,,,,,,,,,,,,,,,,,,,,,,,,
배드민턴,1,,,,,,,,,,,,,,,,,,,,,,,,,,,
범어입문,3,,,,,,,,,,,,,,,,,,,,,,,,,,,
범죄데이터베이스,3,,,,,,,,,,,,,,,,,,,,,,,,,,,
범죄데이터분석기초,3,,,,,,,,,,,,,,,,,,,,,,,,,,,
범죄수사론,3,,,,,,,,,,,,,,,,,,,,,,,,,,,
범죄예방론,3,,,,,,,,,,,,,,,,,,,,,,,,,,,
범죄예방실무,3,,,,,,,,,,,,,,,,,,,,,,,,,,,
범죄지도제작과분석,3,,,,,,,,,,,,,,,,,,,,,,,,,,,
범죄통계학,3,,,,,,,,,,,,,,,,,,,,,,,,,,,
범죄학,3,,,,,,,,,,,,,,,,,,,,,,,,,,,
범죄학개론,3,,,,,,,,,,,,,,,,,,,,,,,,,,,
법과학개론,3,,,,,,,,,,,,,,,,,,,,,,,,,,,
법과행동과학,3,,,,,,,,,,,,,,,,,,,,,,,,,,,
법사회학,3,,,,,,,,,,,,,,,,,,,,,,,,,,,
법심리학,3,,,,,,,,,,,,,,,,,,,,,,,,,,,
법인세회계1,3,,,,,,,,,,,,,,,,,,,,,,,,,,,
법인세회계2,3,,,,,,,,,,,,,,,,,,,,,,,,,,,
법추론과사고,3,,,,,,,,,,,,,,,,,,,,,,,,,,,
법학개론,3,,,,,,,,,,,,,,,,,,,,,,,,,,,
베이지안통계학,3,,,,,,,,,,,,,,,,,,,,,,,,,,,
벡터해석및연습,3,,,,,,,,,,,,,,,,,,,,,,,,,,,
병원약국실무실습1,3,,,,,,,,,,,,,,,,,,,,,,,,,,,
병원약국실무실습2,3,,,,,,,,,,,,,,,,,,,,,,,,,,,
병원약국실무실습3,3,,,,,,,,,,,,,,,,,,,,,,,,,,,
병태생리학1,2,,,,,,,,,,,,,,,,,,,,,,,,,,,
보이스1,2,,,,,,,,,,,,,,,,,,,,,,,,,,,
보이스3,3,,,,,,,,,,,,,,,,,,,,,,,,,,,
복소함수론,3,,,,,,,,,,,,,,,,,,,,,,,,,,,
복소해석학1,3,,,,,,,,,,,,,,,,,,,,,,,,,,,
부가가치세회계,3,,,,,,,,,,,,,,,,,,,,,,,,,,,
부조리문학,3,,,,,,,,,,,,,,,,,,,,,,,,,,,
북한경제론,3,,,,,,,,,,,,,,,,,,,,,,,,,,,
북한군사안보론,3,,,,,,,,,,,,,,,,,,,,,,,,,,,
북한의대외·대남정책,3,,,,,,,,,,,,,,,,,,,,,,,,,,,
북한의법과행정,3,,,,,,,,,,,,,,,,,,,,,,,,,,,
북한정치론,3,,,,,,,,,,,,,,,,,,,,,,,,,,,
북한체제변화세미나(캡스톤디자인),3,,,,,,,,,,,,,,,,,,,,,,,,,,,
북한학입문,3,,,,,,,,,,,,,,,,,,,,,,,,,,,
분류심사론,3,,,,,,,,,,,,,,,,,,,,,,,,,,,
분리공정,3,,,,,,,,,,,,,,,,,,,,,,,,,,,
분석화학1,3,,,,,,,,,,,,,,,,,,,,,,,,,,,
분자생명공학,3,,,,,,,,,,,,,,,,,,,,,,,,,,,
분자생물학,3,,,,,,,,,,,,,,,,,,,,,,,,,,,
분자생물학입문,3,,,,,,,,,,,,,,,,,,,,,,,,,,,
불교건축론,2,,,,,,,,,,,,,,,,,,,,,,,,,,,
불교고고학개론,3,,,,,,,,,,,,,,,,,,,,,,,,,,,
불교고고학실습,3,,,,,,,,,,,,,,,,,,,,,,,,,,,
불교공예사,3,,,,,,,,,,,,,,,,,,,,,,,,,,,
불교기초파이썬프로그래밍그리고행정,3,,,,,,,,,,,,,,,,,,,,,,,,,,,
불교도상과드로잉1,1,,,,,,,,,,,,,,,,,,,,,,,,,,,
불교도상학,2,,,,,,,,,,,,,,,,,,,,,,,,,,,
불교무형문화유산,3,,,,,,,,,,,,,,,,,,,,,,,,,,,
불교문화유산입문,3,,,,,,,,,,,,,,,,,,,,,,,,,,,
불교문화의이해,3,,,,,,,,,,,,,,,,,,,,,,,,,,,
불교미술개론,2,,,,,,,,,,,,,,,,,,,,,,,,,,,
불교생태학,3,,,,,,,,,,,,,,,,,,,,,,,,,,,
불교와국가거버넌스,3,,,,,,,,,,,,,,,,,,,,,,,,,,,
불교와미국문화,3,,,,,,,,,,,,,,,,,,,,,,,,,,,
불교와스토리텔링,3,,,,,,,,,,,,,,,,,,,,,,,,,,,
불교와인간,2,,,,,,,,,,,,,,,,,,,,,,,,,,,
불교음악개론1,2,,,,,,,,,,,,,,,,,,,,,,,,,,,
불교음악실습1(기악성악한국실용음악),1,,,,,,,,,,,,,,,,,,,,,,,,,,,
불교의수행과신행,3,,,,,,,,,,,,,,,,,,,,,,,,,,,
불교적지혜기반의인사조직관리,3,,,,,,,,,,,,,,,,,,,,,,,,,,,
불교적지혜를통한지속가능마케팅,3,,,,,,,,,,,,,,,,,,,,,,,,,,,
불교학입문,3,,,,,,,,,,,,,,,,,,,,,,,,,,,
불교한류와삼국유사,3,,,,,,,,,,,,,,,,,,,,,,,,,,,
불교한문,3,,,,,,,,,,,,,,,,,,,,,,,,,,,
불교회화1(캡스톤디자인),4,,,,,,,,,,,,,,,,,,,,,,,,,,,
불교회화3(캡스톤디자인),4,,,,,,,,,,,,,,,,,,,,,,,,,,,
불교회화문양이론과실습1,1,,,,,,,,,,,,,,,,,,,,,,,,,,,
불교회화실습1,2,,,,,,,,,,,,,,,,,,,,,,,,,,,
불법행위법,3,,,,,,,,,,,,,,,,,,,,,,,,,,,
불어(초급),3,,,,,,,,,,,,,,,,,,,,,,,,,,,
브랜드관리(캡스톤디자인),3,,,,,,,,,,,,,,,,,,,,,,,,,,,
브랜드와 사회,3,,,,,,,,,,,,,,,,,,,,,,,,,,,
비모수통계학,3,,,,,,,,,,,,,,,,,,,,,,,,,,,
비영리조직과사회적참여,3,,,,,,,,,,,,,,,,,,,,,,,,,,,
비전설정과커리어플래닝,2,,,,,,,,,,,,,,,,,,,,,,,,,,,
비주얼 미디어로 보는 동유라시아 근현대문화사,3,,,,,,,,,,,,,,,,,,,,,,,,,,,
비즈니스R프로그래밍,3,,,,,,,,,,,,,,,,,,,,,,,,,,,
비즈니스데이터애널리틱스프로그래밍언어:R&Python,3,,,,,,,,,,,,,,,,,,,,,,,,,,,
비즈니스디자인,3,,,,,,,,,,,,,,,,,,,,,,,,,,,
비즈니스실무론,2,,,,,,,,,,,,,,,,,,,,,,,,,,,
비즈니스일본어(어드벤처디자인),3,,,,,,,,,,,,,,,,,,,,,,,,,,,
비즈니스프로세스관리,3,,,,,,,,,,,,,,,,,,,,,,,,,,,
빅데이터분석을위한영양역학연구방법론,2,,,,,,,,,,,,,,,,,,,,,,,,,,,
빅데이터시대의교육통계분석,3,,,,,,,,,,,,,,,,,,,,,,,,,,,
빅데이터와범죄,3,,,,,,,,,,,,,,,,,,,,,,,,,,,
빈곤론,3,,,,,,,,,,,,,,,,,,,,,,,,,,,
사람을 위한 미생물에 의한 미생물의 환경공정,1,,,,,,,,,,,,,,,,,,,,,,,,,,,
사람의마음알기(나는너의마음을알고싶다),3,,,,,,,,,,,,,,,,,,,,,,,,,,,
"사랑,우정,관용",2,,,,,,,,,,,,,,,,,,,,,,,,,,,
사료강독1:한국사교육자료강독,3,,,,,,,,,,,,,,,,,,,,,,,,,,,
사료강독2:서양사교육자료강독,3,,,,,,,,,,,,,,,,,,,,,,,,,,,
사물인터넷개론,3,,,,,,,,,,,,,,,,,,,,,,,,,,,
사운드입문,3,,,,,,,,,,,,,,,,,,,,,,,,,,,
사진창작,3,,,,,,,,,,,,,,,,,,,,,,,,,,,
사찰경영과종무행정,3,,,,,,,,,,,,,,,,,,,,,,,,,,,
사회문제론,3,,,,,,,,,,,,,,,,,,,,,,,,,,,
사회변동론,3,,,,,,,,,,,,,,,,,,,,,,,,,,,
사회복지법제와실천,3,,,,,,,,,,,,,,,,,,,,,,,,,,,
사회복지실천론,3,,,,,,,,,,,,,,,,,,,,,,,,,,,
사회복지와문화다양성,3,,,,,,,,,,,,,,,,,,,,,,,,,,,
사회복지와인권,3,,,,,,,,,,,,,,,,,,,,,,,,,,,
사회복지윤리와철학,3,,,,,,,,,,,,,,,,,,,,,,,,,,,
사회복지자료분석론,3,,,,,,,,,,,,,,,,,,,,,,,,,,,
사회복지정책론,3,,,,,,,,,,,,,,,,,,,,,,,,,,,
사회복지학개론,3,,,,,,,,,,,,,,,,,,,,,,,,,,,
사회복지행정론,3,,,,,,,,,,,,,,,,,,,,,,,,,,,
사회복지현장실습,3,,,,,,,,,,,,,,,,,,,,,,,,,,,
사회복지현장실습세미나,3,,,,,,,,,,,,,,,,,,,,,,,,,,,
사회봉사1,1,,,,,,,,,,,,,,,,,,,,,,,,,,,
사회봉사2,1,,,,,,,,,,,,,,,,,,,,,,,,,,,
사회연결망분석,3,,,,,,,,,,,,,,,,,,,,,,,,,,,
사회지리학,3,,,,,,,,,,,,,,,,,,,,,,,,,,,
사회통계,3,,,,,,,,,,,,,,,,,,,,,,,,,,,
사회학개론,3,,,,,,,,,,,,,,,,,,,,,,,,,,,
사회학의이해,3,,,,,,,,,,,,,,,,,,,,,,,,,,,
산업경제번역,3,,,,,,,,,,,,,,,,,,,,,,,,,,,
산업보안관계법Ⅰ,3,,,,,,,,,,,,,,,,,,,,,,,,,,,
산업보안론,3,,,,,,,,,,,,,,,,,,,,,,,,,,,
산업수학,3,,,,,,,,,,,,,,,,,,,,,,,,,,,
산업시스템공학의이해,3,,,,,,,,,,,,,,,,,,,,,,,,,,,
산업시스템공학종합설계,3,,,,,,,,,,,,,,,,,,,,,,,,,,,
산업시스템프로그래밍,3,,,,,,,,,,,,,,,,,,,,,,,,,,,
산업재산권법,3,,,,,,,,,,,,,,,,,,,,,,,,,,,
산업통상론(캡스톤디자인),3,,,,,,,,,,,,,,,,,,,,,,,,,,,
산학융합종합설계(국회입법전문가과정),1,,,,,,,,,,,,,,,,,,,,,,,,,,,
산학융합종합설계(미술관 탐방II),1,,,,,,,,,,,,,,,,,,,,,,,,,,,
산학융합종합설계(중화권 통상문화의 이해),1,,,,,,,,,,,,,,,,,,,,,,,,,,,
삶과죽음의철학,3,,,,,,,,,,,,,,,,,,,,,,,,,,,
삼국유사와스토리텔링,3,,,,,,,,,,,,,,,,,,,,,,,,,,,
상담심리학,3,,,,,,,,,,,,,,,,,,,,,,,,,,,
상담학개론,3,,,,,,,,,,,,,,,,,,,,,,,,,,,
상법2,3,,,,,,,,,,,,,,,,,,,,,,,,,,,
상법총론,3,,,,,,,,,,,,,,,,,,,,,,,,,,,
색채와 과학,3,,,,,,,,,,,,,,,,,,,,,,,,,,,
생명과학교육론,3,,,,,,,,,,,,,,,,,,,,,,,,,,,
생명과학의세계,1,,,,,,,,,,,,,,,,,,,,,,,,,,,
생명과학전공실험1,3,,,,,,,,,,,,,,,,,,,,,,,,,,,
생명과학최신동향,2,,,,,,,,,,,,,,,,,,,,,,,,,,,
생명과학캡스톤디자인1,2,,,,,,,,,,,,,,,,,,,,,,,,,,,
생물자료분석,3,,,,,,,,,,,,,,,,,,,,,,,,,,,
생물학개론,3,,,,,,,,,,,,,,,,,,,,,,,,,,,
생물학공용DB를이용한데이터분석,3,,,,,,,,,,,,,,,,,,,,,,,,,,,
생물화학공학,3,,,,,,,,,,,,,,,,,,,,,,,,,,,
생분석화학,3,,,,,,,,,,,,,,,,,,,,,,,,,,,
생산및운영관리,3,,,,,,,,,,,,,,,,,,,,,,,,,,,
생성형AI와비즈니스혁신,3,,,,,,,,,,,,,,,,,,,,,,,,,,,
생약학1,2,,,,,,,,,,,,,,,,,,,,,,,,,,,
생체분자생물학,3,,,,,,,,,,,,,,,,,,,,,,,,,,,
생체재료공학개론및실험,3,,,,,,,,,,,,,,,,,,,,,,,,,,,
생화학,3,,,,,,,,,,,,,,,,,,,,,,,,,,,
생활속의이차전지,2,,,,,,,,,,,,,,,,,,,,,,,,,,,
생활지도및상담,2,,,,,,,,,,,,,,,,,,,,,,,,,,,
생활체육과현장학습,2,,,,,,,,,,,,,,,,,,,,,,,,,,,
생활체육의이해,2,,,,,,,,,,,,,,,,,,,,,,,,,,,
서구문학에나타난문제적인간읽기,3,,,,,,,,,,,,,,,,,,,,,,,,,,,
서베이자료분석과활용,3,,,,,,,,,,,,,,,,,,,,,,,,,,,
서비스공학,3,,,,,,,,,,,,,,,,,,,,,,,,,,,
서비스마케팅(NCS),3,,,,,,,,,,,,,,,,,,,,,,,,,,,
서사문화실습(캡스톤디자인),3,,,,,,,,,,,,,,,,,,,,,,,,,,,
서양고중세철학사,3,,,,,,,,,,,,,,,,,,,,,,,,,,,
서양미술사,2,,,,,,,,,,,,,,,,,,,,,,,,,,,
서양조각사,2,,,,,,,,,,,,,,,,,,,,,,,,,,,
서양중세사,3,,,,,,,,,,,,,,,,,,,,,,,,,,,
서양최근세사,3,,,,,,,,,,,,,,,,,,,,,,,,,,,
석조,2,,,,,,,,,,,,,,,,,,,,,,,,,,,
선과현대사회,3,,,,,,,,,,,,,,,,,,,,,,,,,,,
선형계획법,3,,,,,,,,,,,,,,,,,,,,,,,,,,,
선형대수1,3,,,,,,,,,,,,,,,,,,,,,,,,,,,
선형대수학1,3,,,,,,,,,,,,,,,,,,,,,,,,,,,
설계도서및견적,3,,,,,,,,,,,,,,,,,,,,,,,,,,,
설득과캠페인,3,,,,,,,,,,,,,,,,,,,,,,,,,,,
설치미술연구1,2,,,,,,,,,,,,,,,,,,,,,,,,,,,
성리학과양명학,3,,,,,,,,,,,,,,,,,,,,,,,,,,,
세계문자와훈민정음,3,,,,,,,,,,,,,,,,,,,,,,,,,,,
세계문학속의인권,3,,,,,,,,,,,,,,,,,,,,,,,,,,,
세계문학의이해,3,,,,,,,,,,,,,,,,,,,,,,,,,,,
세계영화사1,3,,,,,,,,,,,,,,,,,,,,,,,,,,,
세계음식의문화적이해,3,,,,,,,,,,,,,,,,,,,,,,,,,,,
세계화와 이주,3,,,,,,,,,,,,,,,,,,,,,,,,,,,
세무입문,3,,,,,,,,,,,,,,,,,,,,,,,,,,,
세방화시대영어와불교,3,,,,,,,,,,,,,,,,,,,,,,,,,,,
"세상을이해하는도구,통계",3,,,,,,,,,,,,,,,,,,,,,,,,,,,
센서공학,3,,,,,,,,,,,,,,,,,,,,,,,,,,,
셰익스피어와디지털인문학,3,,,,,,,,,,,,,,,,,,,,,,,,,,,
소비인사이트,3,,,,,,,,,,,,,,,,,,,,,,,,,,,
소비자동기와선택이론,3,,,,,,,,,,,,,,,,,,,,,,,,,,,
소비자상담,3,,,,,,,,,,,,,,,,,,,,,,,,,,,
소비자학,3,,,,,,,,,,,,,,,,,,,,,,,,,,,
소비자행동론(NCS),3,,,,,,,,,,,,,,,,,,,,,,,,,,,
소설창작실기1,3,,,,,,,,,,,,,,,,,,,,,,,,,,,
소설창작연습1,3,,,,,,,,,,,,,,,,,,,,,,,,,,,
소설창작입문1,3,,,,,,,,,,,,,,,,,,,,,,,,,,,
소셜미디어와정치사회여론분석,3,,,,,,,,,,,,,,,,,,,,,,,,,,,
소셜벤처,3,,,,,,,,,,,,,,,,,,,,,,,,,,,
소셜이노베이션을위한질적데이터분석실습(캡스톤디자인),3,,,,,,,,,,,,,,,,,,,,,,,,,,,
소조1,2,,,,,,,,,,,,,,,,,,,,,,,,,,,
소조3(캡스톤디자인),2,,,,,,,,,,,,,,,,,,,,,,,,,,,
소조5(캡스톤디자인),2,,,,,,,,,,,,,,,,,,,,,,,,,,,
"소통,미디어,윤리",2,,,,,,,,,,,,,,,,,,,,,,,,,,,
소프트웨어공학,3,,,,,,,,,,,,,,,,,,,,,,,,,,,
숏폼콘텐츠기획제작,3,,,,,,,,,,,,,,,,,,,,,,,,,,,
수리물리학1,3,,,,,,,,,,,,,,,,,,,,,,,,,,,
수리통계학1,3,,,,,,,,,,,,,,,,,,,,,,,,,,,
수리학및실험,3,,,,,,,,,,,,,,,,,,,,,,,,,,,
수묵채색화1,2,,,,,,,,,,,,,,,,,,,,,,,,,,,
수묵화1,2,,,,,,,,,,,,,,,,,,,,,,,,,,,
수영지도법,1,,,,,,,,,,,,,,,,,,,,,,,,,,,
수와물리로본예술의세계,2,,,,,,,,,,,,,,,,,,,,,,,,,,,
수질환경학,3,,,,,,,,,,,,,,,,,,,,,,,,,,,
수처리플랜트공학및실험,3,,,,,,,,,,,,,,,,,,,,,,,,,,,
수치선형대수및실습,3,,,,,,,,,,,,,,,,,,,,,,,,,,,
수치해석,2,,,,,,,,,,,,,,,,,,,,,,,,,,,
수치해석및실습,3,,,,,,,,,,,,,,,,,,,,,,,,,,,
수학과통계의이해,2,,,,,,,,,,,,,,,,,,,,,,,,,,,
수학교육과정,3,,,,,,,,,,,,,,,,,,,,,,,,,,,
수학교육론,3,,,,,,,,,,,,,,,,,,,,,,,,,,,
수학기초론,3,,,,,,,,,,,,,,,,,,,,,,,,,,,
숲에서찾는바이오나노재료의이해,2,,,,,,,,,,,,,,,,,,,,,,,,,,,
스마트시티론,3,,,,,,,,,,,,,,,,,,,,,,,,,,,
스마트홈IoT플랫폼및특허분석,3,,,,,,,,,,,,,,,,,,,,,,,,,,,
스타트업과디지털마케팅,2,,,,,,,,,,,,,,,,,,,,,,,,,,,
스타트업과진로탐색,2,,,,,,,,,,,,,,,,,,,,,,,,,,,
스타트업과투자전략,3,,,,,,,,,,,,,,,,,,,,,,,,,,,
스페인어(초급),3,,,,,,,,,,,,,,,,,,,,,,,,,,,
스포츠경기분석,2,,,,,,,,,,,,,,,,,,,,,,,,,,,
스포츠경영학,3,,,,,,,,,,,,,,,,,,,,,,,,,,,
스포츠과학과정보처리,2,,,,,,,,,,,,,,,,,,,,,,,,,,,
스포츠교육학,2,,,,,,,,,,,,,,,,,,,,,,,,,,,
스포츠기기의이해및활용,2,,,,,,,,,,,,,,,,,,,,,,,,,,,
스포츠마사지,1,,,,,,,,,,,,,,,,,,,,,,,,,,,
스포츠문화와트렌드,2,,,,,,,,,,,,,,,,,,,,,,,,,,,
스포츠법과윤리,2,,,,,,,,,,,,,,,,,,,,,,,,,,,
스포츠사회학,2,,,,,,,,,,,,,,,,,,,,,,,,,,,
스포츠산업의 변화와 이노베이션,3,,,,,,,,,,,,,,,,,,,,,,,,,,,
스포츠생리학,3,,,,,,,,,,,,,,,,,,,,,,,,,,,
스포츠심리학,2,,,,,,,,,,,,,,,,,,,,,,,,,,,
스포츠안전관리,2,,,,,,,,,,,,,,,,,,,,,,,,,,,
스포츠예술복지,3,,,,,,,,,,,,,,,,,,,,,,,,,,,
스포츠와디지털콘텐츠,2,,,,,,,,,,,,,,,,,,,,,,,,,,,
스포츠와홍보,2,,,,,,,,,,,,,,,,,,,,,,,,,,,
스포츠클라이밍,2,,,,,,,,,,,,,,,,,,,,,,,,,,,
스포츠테크놀로지,3,,,,,,,,,,,,,,,,,,,,,,,,,,,
시나리오실습,3,,,,,,,,,,,,,,,,,,,,,,,,,,,
시뮬레이션과응용,3,,,,,,,,,,,,,,,,,,,,,,,,,,,
시사영어,3,,,,,,,,,,,,,,,,,,,,,,,,,,,
시사영어통번역,3,,,,,,,,,,,,,,,,,,,,,,,,,,,
시사중국어,3,,,,,,,,,,,,,,,,,,,,,,,,,,,
시사한국어1,2,,,,,,,,,,,,,,,,,,,,,,,,,,,
시사한국어2,2,,,,,,,,,,,,,,,,,,,,,,,,,,,
시스템생물학,3,,,,,,,,,,,,,,,,,,,,,,,,,,,
시와예술적상상력,3,,,,,,,,,,,,,,,,,,,,,,,,,,,
시장경제와위험사회,2,,,,,,,,,,,,,,,,,,,,,,,,,,,
시장과정부의공공선택,3,,,,,,,,,,,,,,,,,,,,,,,,,,,
시창작실기1(캡스톤디자인),3,,,,,,,,,,,,,,,,,,,,,,,,,,,
시창작연습1,3,,,,,,,,,,,,,,,,,,,,,,,,,,,
시창작입문1,3,,,,,,,,,,,,,,,,,,,,,,,,,,,
시창청음1,1,,,,,,,,,,,,,,,,,,,,,,,,,,,
시큐어코딩,3,,,,,,,,,,,,,,,,,,,,,,,,,,,
식물생명공학,3,,,,,,,,,,,,,,,,,,,,,,,,,,,
식물조직배양학및실험,3,,,,,,,,,,,,,,,,,,,,,,,,,,,
식사요법,3,,,,,,,,,,,,,,,,,,,,,,,,,,,
식품가공학1,3,,,,,,,,,,,,,,,,,,,,,,,,,,,
식품가공학실험,3,,,,,,,,,,,,,,,,,,,,,,,,,,,
식품경영학,3,,,,,,,,,,,,,,,,,,,,,,,,,,,
식품경제의이해,3,,,,,,,,,,,,,,,,,,,,,,,,,,,
식품계량경제학,3,,,,,,,,,,,,,,,,,,,,,,,,,,,
식품공장설계,3,,,,,,,,,,,,,,,,,,,,,,,,,,,
식품마케팅론,3,,,,,,,,,,,,,,,,,,,,,,,,,,,
식품물류관리론,3,,,,,,,,,,,,,,,,,,,,,,,,,,,
식품미생물학실험,3,,,,,,,,,,,,,,,,,,,,,,,,,,,
식품미시경제론,3,,,,,,,,,,,,,,,,,,,,,,,,,,,
식품바이오융합공학의세계,1,,,,,,,,,,,,,,,,,,,,,,,,,,,
식품산업경영분석론,3,,,,,,,,,,,,,,,,,,,,,,,,,,,
식품산업경영실습,3,,,,,,,,,,,,,,,,,,,,,,,,,,,
식품생화학,3,,,,,,,,,,,,,,,,,,,,,,,,,,,
식품소매시장론,3,,,,,,,,,,,,,,,,,,,,,,,,,,,
식품안전경영시스템,3,,,,,,,,,,,,,,,,,,,,,,,,,,,
식품엔지니어링캡스톤디자인,3,,,,,,,,,,,,,,,,,,,,,,,,,,,
식품영양역학개론,3,,,,,,,,,,,,,,,,,,,,,,,,,,,
식품유기화학,3,,,,,,,,,,,,,,,,,,,,,,,,,,,
식품통계학,3,,,,,,,,,,,,,,,,,,,,,,,,,,,
식품포장,3,,,,,,,,,,,,,,,,,,,,,,,,,,,
식품화학,3,,,,,,,,,,,,,,,,,,,,,,,,,,,
신문보도편집론,3,,,,,,,,,,,,,,,,,,,,,,,,,,,
신상품개발및가격전략,3,,,,,,,,,,,,,,,,,,,,,,,,,,,
신소재공학개론1,3,,,,,,,,,,,,,,,,,,,,,,,,,,,
신소재식품학,3,,,,,,,,,,,,,,,,,,,,,,,,,,,
신입생세미나,3,,,,,,,,,,,,,,,,,,,,,,,,,,,
신체활동과힐링,1,,,,,,,,,,,,,,,,,,,,,,,,,,,
신체활동리터러시,1,,,,,,,,,,,,,,,,,,,,,,,,,,,
실내건축디자인론,3,,,,,,,,,,,,,,,,,,,,,,,,,,,
실내악(민속음악)1,1,,,,,,,,,,,,,,,,,,,,,,,,,,,
실내악(창작음악)1,1,,,,,,,,,,,,,,,,,,,,,,,,,,,
실내악(풍류음악)1,1,,,,,,,,,,,,,,,,,,,,,,,,,,,
실용음악실습1,1,,,,,,,,,,,,,,,,,,,,,,,,,,,
실전농구초급,1,,,,,,,,,,,,,,,,,,,,,,,,,,,
실전야구초급,1,,,,,,,,,,,,,,,,,,,,,,,,,,,
실전창업사업계획서작성,3,,,,,,,,,,,,,,,,,,,,,,,,,,,
실전축구초급,1,,,,,,,,,,,,,,,,,,,,,,,,,,,
실험계획법,3,,,,,,,,,,,,,,,,,,,,,,,,,,,
심리학의거장을만나다:인간의생각에대한이해,3,,,,,,,,,,,,,,,,,,,,,,,,,,,
심화프로그래밍,3,,,,,,,,,,,,,,,,,,,,,,,,,,,
아날로그회로설계및실습,3,,,,,,,,,,,,,,,,,,,,,,,,,,,
아동문학연습,3,,,,,,,,,,,,,,,,,,,,,,,,,,,
아동복지론,3,,,,,,,,,,,,,,,,,,,,,,,,,,,
아랍어(초급),3,,,,,,,,,,,,,,,,,,,,,,,,,,,
아메리카의사회와문화,2,,,,,,,,,,,,,,,,,,,,,,,,,,,
아메리칸드림과자본주의,3,,,,,,,,,,,,,,,,,,,,,,,,,,,
아시아영화분석,3,,,,,,,,,,,,,,,,,,,,,,,,,,,
아시아의사회와문화,2,,,,,,,,,,,,,,,,,,,,,,,,,,,
아프리카의사회와문화,2,,,,,,,,,,,,,,,,,,,,,,,,,,,
악기론1,2,,,,,,,,,,,,,,,,,,,,,,,,,,,
안보학,2,,,,,,,,,,,,,,,,,,,,,,,,,,,
알고리즘,3,,,,,,,,,,,,,,,,,,,,,,,,,,,
알기쉬운반도체,1,,,,,,,,,,,,,,,,,,,,,,,,,,,
약과건강,2,,,,,,,,,,,,,,,,,,,,,,,,,,,
약과사회,2,,,,,,,,,,,,,,,,,,,,,,,,,,,
약국관리학(캡스톤디자인),2,,,,,,,,,,,,,,,,,,,,,,,,,,,
약리학1,3,,,,,,,,,,,,,,,,,,,,,,,,,,,
약무행정실무실습,1,,,,,,,,,,,,,,,,,,,,,,,,,,,
약물유전체학,3,,,,,,,,,,,,,,,,,,,,,,,,,,,
약물치료학1,3,,,,,,,,,,,,,,,,,,,,,,,,,,,
약물치료학2,3,,,,,,,,,,,,,,,,,,,,,,,,,,,
약업경영(PBL),2,,,,,,,,,,,,,,,,,,,,,,,,,,,
약제학1,3,,,,,,,,,,,,,,,,,,,,,,,,,,,
약품기기분석,2,,,,,,,,,,,,,,,,,,,,,,,,,,,
약품생화학1,2,,,,,,,,,,,,,,,,,,,,,,,,,,,
약학개론,2,,,,,,,,,,,,,,,,,,,,,,,,,,,
약학실습1,2,,,,,,,,,,,,,,,,,,,,,,,,,,,
약학실습3,2,,,,,,,,,,,,,,,,,,,,,,,,,,,
양반·사대부·사무라이:주제로읽는한·중·일비교문화사,3,,,,,,,,,,,,,,,,,,,,,,,,,,,
양자역학1,3,,,,,,,,,,,,,,,,,,,,,,,,,,,
양자컴퓨팅,3,,,,,,,,,,,,,,,,,,,,,,,,,,,
어드벤처디자인,3,,,,,,,,,,,,,,,,,,,,,,,,,,,
"언어,뇌,해부",2,,,,,,,,,,,,,,,,,,,,,,,,,,,
언어분석철학,3,,,,,,,,,,,,,,,,,,,,,,,,,,,
에너지변환공학,3,,,,,,,,,,,,,,,,,,,,,,,,,,,
에너지변환소재및소자,3,,,,,,,,,,,,,,,,,,,,,,,,,,,
에너지원의발달역사,2,,,,,,,,,,,,,,,,,,,,,,,,,,,
에너지응용공학,3,,,,,,,,,,,,,,,,,,,,,,,,,,,
에듀테크와미래교육,2,,,,,,,,,,,,,,,,,,,,,,,,,,,
여행지리와도시산책,3,,,,,,,,,,,,,,,,,,,,,,,,,,,
역사교육론,3,,,,,,,,,,,,,,,,,,,,,,,,,,,
역사교육연구자진로탐색,3,,,,,,,,,,,,,,,,,,,,,,,,,,,
역사적디지털리터러시와민주시민교육,3,,,,,,,,,,,,,,,,,,,,,,,,,,,
역사정보데이터베이스(캡스톤디자인),3,,,,,,,,,,,,,,,,,,,,,,,,,,,
역사지리교육론,3,,,,,,,,,,,,,,,,,,,,,,,,,,,
역사학개론,3,,,,,,,,,,,,,,,,,,,,,,,,,,,
역사학과빅데이터,3,,,,,,,,,,,,,,,,,,,,,,,,,,,
역사학입문,3,,,,,,,,,,,,,,,,,,,,,,,,,,,
역학1,3,,,,,,,,,,,,,,,,,,,,,,,,,,,
역학및현대물리실험,2,,,,,,,,,,,,,,,,,,,,,,,,,,,
연구논문지도1,2,,,,,,,,,,,,,,,,,,,,,,,,,,,
연극개론,3,,,,,,,,,,,,,,,,,,,,,,,,,,,
연극사1,3,,,,,,,,,,,,,,,,,,,,,,,,,,,
연극영화교육론,3,,,,,,,,,,,,,,,,,,,,,,,,,,,
연극제작1(캡스톤디자인),3,,,,,,,,,,,,,,,,,,,,,,,,,,,
연극제작3(캡스톤디자인),3,,,,,,,,,,,,,,,,,,,,,,,,,,,
연기1,3,,,,,,,,,,,,,,,,,,,,,,,,,,,
연기3,3,,,,,,,,,,,,,,,,,,,,,,,,,,,
연기5,3,,,,,,,,,,,,,,,,,,,,,,,,,,,
연기연출,3,,,,,,,,,,,,,,,,,,,,,,,,,,,
연기와창의적사고,3,,,,,,,,,,,,,,,,,,,,,,,,,,,
연애학개론,3,,,,,,,,,,,,,,,,,,,,,,,,,,,
연주발표1,1,,,,,,,,,,,,,,,,,,,,,,,,,,,
연주표현실습1,1,,,,,,,,,,,,,,,,,,,,,,,,,,,
연출1,2,,,,,,,,,,,,,,,,,,,,,,,,,,,
연출3(어드벤처디자인),2,,,,,,,,,,,,,,,,,,,,,,,,,,,
열및통계물리학1,3,,,,,,,,,,,,,,,,,,,,,,,,,,,
열역학,3,,,,,,,,,,,,,,,,,,,,,,,,,,,
열전달,3,,,,,,,,,,,,,,,,,,,,,,,,,,,
영문법과말하기연습,3,,,,,,,,,,,,,,,,,,,,,,,,,,,
영문학속의AI,3,,,,,,,,,,,,,,,,,,,,,,,,,,,
영상및딥러닝프로그래밍,3,,,,,,,,,,,,,,,,,,,,,,,,,,,
영상산업론,3,,,,,,,,,,,,,,,,,,,,,,,,,,,
영상연구,3,,,,,,,,,,,,,,,,,,,,,,,,,,,
영상일본문학,3,,,,,,,,,,,,,,,,,,,,,,,,,,,
영상제작과정의이해,3,,,,,,,,,,,,,,,,,,,,,,,,,,,
영상제작입문,3,,,,,,,,,,,,,,,,,,,,,,,,,,,
영성교육론,3,,,,,,,,,,,,,,,,,,,,,,,,,,,
영양교육,3,,,,,,,,,,,,,,,,,,,,,,,,,,,
영어교육론,3,,,,,,,,,,,,,,,,,,,,,,,,,,,
영어권문학,3,,,,,,,,,,,,,,,,,,,,,,,,,,,
영어권문화상품탐방,3,,,,,,,,,,,,,,,,,,,,,,,,,,,
영어데이터통계분석기초,3,,,,,,,,,,,,,,,,,,,,,,,,,,,
영어문장구조론,3,,,,,,,,,,,,,,,,,,,,,,,,,,,
영어문학입문,3,,,,,,,,,,,,,,,,,,,,,,,,,,,
영어와인지과학,3,,,,,,,,,,,,,,,,,,,,,,,,,,,
영어와파이썬언어,3,,,,,,,,,,,,,,,,,,,,,,,,,,,
영어작문,3,,,,,,,,,,,,,,,,,,,,,,,,,,,
영어학입문,3,,,,,,,,,,,,,,,,,,,,,,,,,,,
영어회화실습,3,,,,,,,,,,,,,,,,,,,,,,,,,,,
영화기술(촬영),3,,,,,,,,,,,,,,,,,,,,,,,,,,,
영화기획,3,,,,,,,,,,,,,,,,,,,,,,,,,,,
영화로만나는문화심리학,2,,,,,,,,,,,,,,,,,,,,,,,,,,,
영화속의문학,3,,,,,,,,,,,,,,,,,,,,,,,,,,,
영화속클래식음악,3,,,,,,,,,,,,,,,,,,,,,,,,,,,
영화제작워크숍1,3,,,,,,,,,,,,,,,,,,,,,,,,,,,
영화학입문,3,,,,,,,,,,,,,,,,,,,,,,,,,,,
예방약학1,3,,,,,,,,,,,,,,,,,,,,,,,,,,,
예술과경영의만남,2,,,,,,,,,,,,,,,,,,,,,,,,,,,
예술하는AI-기술이묻고예술이답하다,2,,,,,,,,,,,,,,,,,,,,,,,,,,,
오디션테크닉,2,,,,,,,,,,,,,,,,,,,,,,,,,,,
오랑캐의세계사:동아시아에서동부유라시아로,3,,,,,,,,,,,,,,,,,,,,,,,,,,,
오리엔탈리즘과불교,3,,,,,,,,,,,,,,,,,,,,,,,,,,,
오케스트라1,3,,,,,,,,,,,,,,,,,,,,,,,,,,,
오페라속범죄학,3,,,,,,,,,,,,,,,,,,,,,,,,,,,
오픈소스소프트웨어실습,3,,,,,,,,,,,,,,,,,,,,,,,,,,,
오픈소스소프트웨어프로젝트,3,,,,,,,,,,,,,,,,,,,,,,,,,,,
외국어로서의한국어교육,3,,,,,,,,,,,,,,,,,,,,,,,,,,,
외국인을위한대학글쓰기,3,,,,,,,,,,,,,,,,,,,,,,,,,,,
외국인을위한초급일본어회화,3,,,,,,,,,,,,,,,,,,,,,,,,,,,
요가&필라테스,1,,,,,,,,,,,,,,,,,,,,,,,,,,,
"우주시대,우주산업",2,,,,,,,,,,,,,,,,,,,,,,,,,,,
운동기능지도법1,1,,,,,,,,,,,,,,,,,,,,,,,,,,,
운동역학,3,,,,,,,,,,,,,,,,,,,,,,,,,,,
운동처방,3,,,,,,,,,,,,,,,,,,,,,,,,,,,
운영관리,3,,,,,,,,,,,,,,,,,,,,,,,,,,,
운영체제,3,,,,,,,,,,,,,,,,,,,,,,,,,,,
원가·관리회계입문,3,,,,,,,,,,,,,,,,,,,,,,,,,,,
원가관리회계특강,3,,,,,,,,,,,,,,,,,,,,,,,,,,,
원가회계,3,,,,,,,,,,,,,,,,,,,,,,,,,,,
원격교육론,3,,,,,,,,,,,,,,,,,,,,,,,,,,,
웹프론트엔드,3,,,,,,,,,,,,,,,,,,,,,,,,,,,
위기관리,3,,,,,,,,,,,,,,,,,,,,,,,,,,,
위상수학1,3,,,,,,,,,,,,,,,,,,,,,,,,,,,
유가증권법,3,,,,,,,,,,,,,,,,,,,,,,,,,,,
유기반응이론,3,,,,,,,,,,,,,,,,,,,,,,,,,,,
유기재료1,3,,,,,,,,,,,,,,,,,,,,,,,,,,,
유기화학,3,,,,,,,,,,,,,,,,,,,,,,,,,,,
유기화학1,3,,,,,,,,,,,,,,,,,,,,,,,,,,,
유기화학실험,3,,,,,,,,,,,,,,,,,,,,,,,,,,,
유기화합물의결합및구조,3,,,,,,,,,,,,,,,,,,,,,,,,,,,
유라시아지역의정보기술의활용,2,,,,,,,,,,,,,,,,,,,,,,,,,,,
유럽의사회와문화,2,,,,,,,,,,,,,,,,,,,,,,,,,,,
유식학,3,,,,,,,,,,,,,,,,,,,,,,,,,,,
유전학,3,,,,,,,,,,,,,,,,,,,,,,,,,,,
육상지도법,2,,,,,,,,,,,,,,,,,,,,,,,,,,,
윤리학,3,,,,,,,,,,,,,,,,,,,,,,,,,,,
융합보안학자기설계형후학습경로개발,3,,,,,,,,,,,,,,,,,,,,,,,,,,,
융합신소재기초실험2,3,,,,,,,,,,,,,,,,,,,,,,,,,,,
융합신소재기초실험3,3,,,,,,,,,,,,,,,,,,,,,,,,,,,
융합캡스톤디자인,3,,,,,,,,,,,,,,,,,,,,,,,,,,,
융합콘텐츠산업과 캐릭터,3,,,,,,,,,,,,,,,,,,,,,,,,,,,
융합프로그래밍,3,,,,,,,,,,,,,,,,,,,,,,,,,,,
융합환경과학의이해,1,,,,,,,,,,,,,,,,,,,,,,,,,,,
음악산업의 문화경제,2,,,,,,,,,,,,,,,,,,,,,,,,,,,
음악즐기기,2,,,,,,,,,,,,,,,,,,,,,,,,,,,
응용역학,3,,,,,,,,,,,,,,,,,,,,,,,,,,,
응용통계학,3,,,,,,,,,,,,,,,,,,,,,,,,,,,
의복구성실습,3,,,,,,,,,,,,,,,,,,,,,,,,,,,
의복환경과관리,3,,,,,,,,,,,,,,,,,,,,,,,,,,,
의생명공학개론,3,,,,,,,,,,,,,,,,,,,,,,,,,,,
의생명공학입문,1,,,,,,,,,,,,,,,,,,,,,,,,,,,
의약통계학,2,,,,,,,,,,,,,,,,,,,,,,,,,,,
의약품분석2,2,,,,,,,,,,,,,,,,,,,,,,,,,,,
의약품제조관리학,3,,,,,,,,,,,,,,,,,,,,,,,,,,,
의약품품질과학,2,,,,,,,,,,,,,,,,,,,,,,,,,,,
의약품합성학1,3,,,,,,,,,,,,,,,,,,,,,,,,,,,
의약학영어토론(PBL),2,,,,,,,,,,,,,,,,,,,,,,,,,,,
의약화학1,3,,,,,,,,,,,,,,,,,,,,,,,,,,,
의약화학2,2,,,,,,,,,,,,,,,,,,,,,,,,,,,
의회정치와한국국회(캡스톤디자인),3,,,,,,,,,,,,,,,,,,,,,,,,,,,
이머징IT,3,,,,,,,,,,,,,,,,,,,,,,,,,,,
이방인・신・괴물:나와타자의이해,3,,,,,,,,,,,,,,,,,,,,,,,,,,,
이산수학,3,,,,,,,,,,,,,,,,,,,,,,,,,,,
이상심리학,3,,,,,,,,,,,,,,,,,,,,,,,,,,,
이야기와 노래,3,,,,,,,,,,,,,,,,,,,,,,,,,,,
이차전지산업동향,2,,,,,,,,,,,,,,,,,,,,,,,,,,,
이차전지산학연세미나,2,,,,,,,,,,,,,,,,,,,,,,,,,,,
이차전지실험,3,,,,,,,,,,,,,,,,,,,,,,,,,,,
인간공학,3,,,,,,,,,,,,,,,,,,,,,,,,,,,
인간과우주,3,,,,,,,,,,,,,,,,,,,,,,,,,,,
인간발달과학습에대한융합적이해,3,,,,,,,,,,,,,,,,,,,,,,,,,,,
인간의언어vs인공지능의언어,3,,,,,,,,,,,,,,,,,,,,,,,,,,,
인간커뮤니케이션,3,,,,,,,,,,,,,,,,,,,,,,,,,,,
인간컴퓨터상호작용,3,,,,,,,,,,,,,,,,,,,,,,,,,,,
인간행동의이해,3,,,,,,,,,,,,,,,,,,,,,,,,,,,
인공지능과 미래사회,2,,,,,,,,,,,,,,,,,,,,,,,,,,,
인공지능과 심리철학,3,,,,,,,,,,,,,,,,,,,,,,,,,,,
인공지능과문화학,3,,,,,,,,,,,,,,,,,,,,,,,,,,,
인공지능윤리,3,,,,,,,,,,,,,,,,,,,,,,,,,,,
인공지능응용,3,,,,,,,,,,,,,,,,,,,,,,,,,,,
인공지능입문,3,,,,,,,,,,,,,,,,,,,,,,,,,,,
인공지능작가와영어문학,3,,,,,,,,,,,,,,,,,,,,,,,,,,,
인공지능프로그래밍기초와실습,3,,,,,,,,,,,,,,,,,,,,,,,,,,,
인구지리교육론,3,,,,,,,,,,,,,,,,,,,,,,,,,,,
인도고대철학,3,,,,,,,,,,,,,,,,,,,,,,,,,,,
인도문화탐방,3,,,,,,,,,,,,,,,,,,,,,,,,,,,
인도불교사,3,,,,,,,,,,,,,,,,,,,,,,,,,,,
인도불교이야기,1,,,,,,,,,,,,,,,,,,,,,,,,,,,
인도선사상,3,,,,,,,,,,,,,,,,,,,,,,,,,,,
인류의지적여정과위대한발명,2,,,,,,,,,,,,,,,,,,,,,,,,,,,
인문사회계열를 위한 Python과 AI 기초,3,,,,,,,,,,,,,,,,,,,,,,,,,,,
인문약학,2,,,,,,,,,,,,,,,,,,,,,,,,,,,
인물화의표현1,2,,,,,,,,,,,,,,,,,,,,,,,,,,,
인식론,3,,,,,,,,,,,,,,,,,,,,,,,,,,,
인적보안,3,,,,,,,,,,,,,,,,,,,,,,,,,,,
인체생리학개론및실험,3,,,,,,,,,,,,,,,,,,,,,,,,,,,
인체세포공학개론및실습,3,,,,,,,,,,,,,,,,,,,,,,,,,,,
인터넷정책과법,3,,,,,,,,,,,,,,,,,,,,,,,,,,,
인터넷프로그래밍,3,,,,,,,,,,,,,,,,,,,,,,,,,,,
일반물리학및실험1,4,,,,,,,,,,,,,,,,,,,,,,,,,,,
일반사회교육론,3,,,,,,,,,,,,,,,,,,,,,,,,,,,
일반생물학및실험1,3,,,,,,,,,,,,,,,,,,,,,,,,,,,
일반통계학및실습1,3,,,,,,,,,,,,,,,,,,,,,,,,,,,
일반화학및실험1,4,,,,,,,,,,,,,,,,,,,,,,,,,,,
"일본,문학,그리고불교",3,,,,,,,,,,,,,,,,,,,,,,,,,,,
일본경제입문,3,,,,,,,,,,,,,,,,,,,,,,,,,,,
일본문학개론,3,,,,,,,,,,,,,,,,,,,,,,,,,,,
일본사회·문화의이해,3,,,,,,,,,,,,,,,,,,,,,,,,,,,
일본서브컬처의이해,3,,,,,,,,,,,,,,,,,,,,,,,,,,,
일본어(중급),3,,,,,,,,,,,,,,,,,,,,,,,,,,,
일본어(초급),3,,,,,,,,,,,,,,,,,,,,,,,,,,,
일본어문법의이해,3,,,,,,,,,,,,,,,,,,,,,,,,,,,
일본어학개론,3,,,,,,,,,,,,,,,,,,,,,,,,,,,
일본의불교와문화,3,,,,,,,,,,,,,,,,,,,,,,,,,,,
일본의산업과이노베이션(캡스톤디자인),3,,,,,,,,,,,,,,,,,,,,,,,,,,,
일본정치·외교의이해,3,,,,,,,,,,,,,,,,,,,,,,,,,,,
일본학졸업논문(캡스톤디자인),3,,,,,,,,,,,,,,,,,,,,,,,,,,,
일본한자음,3,,,,,,,,,,,,,,,,,,,,,,,,,,,
일본한자음쉽게이해하기,1,,,,,,,,,,,,,,,,,,,,,,,,,,,
임베디드소프트웨어와스마트모빌리티,3,,,,,,,,,,,,,,,,,,,,,,,,,,,
임상약동학및임상약리학,2,,,,,,,,,,,,,,,,,,,,,,,,,,,
자기주도학습으로가는유학생학습전략,2,,,,,,,,,,,,,,,,,,,,,,,,,,,
자녀와 소통하는 훈련중심 예비부모교육,3,,,,,,,,,,,,,,,,,,,,,,,,,,,
자료구조,3,,,,,,,,,,,,,,,,,,,,,,,,,,,
자료구조와실습,3,,,,,,,,,,,,,,,,,,,,,,,,,,,
자본주의의역사와전망,3,,,,,,,,,,,,,,,,,,,,,,,,,,,
자생식물학,3,,,,,,,,,,,,,,,,,,,,,,,,,,,
자세교정과스트레칭,1,,,,,,,,,,,,,,,,,,,,,,,,,,,
자아와명상1,1,,,,,,,,,,,,,,,,,,,,,,,,,,,
자아와명상2,1,,,,,,,,,,,,,,,,,,,,,,,,,,,
자연과기술명작세미나,3,,,,,,,,,,,,,,,,,,,,,,,,,,,
자연어처리,3,,,,,,,,,,,,,,,,,,,,,,,,,,,
자연어처리개론,3,,,,,,,,,,,,,,,,,,,,,,,,,,,
자연지리학,3,,,,,,,,,,,,,,,,,,,,,,,,,,,
자원과이데올로기로본전쟁이야기,2,,,,,,,,,,,,,,,,,,,,,,,,,,,
자율로봇실습,3,,,,,,,,,,,,,,,,,,,,,,,,,,,
자율사물입문,2,,,,,,,,,,,,,,,,,,,,,,,,,,,
자이나사상,3,,,,,,,,,,,,,,,,,,,,,,,,,,,
"작곡실습,소리를통한가능성",2,,,,,,,,,,,,,,,,,,,,,,,,,,,
작곡지휘실기5,1,,,,,,,,,,,,,,,,,,,,,,,,,,,
작문과토론의기초,3,,,,,,,,,,,,,,,,,,,,,,,,,,,
장단실기1,1,,,,,,,,,,,,,,,,,,,,,,,,,,,
장르소설입문,3,,,,,,,,,,,,,,,,,,,,,,,,,,,
장애인복지론,3,,,,,,,,,,,,,,,,,,,,,,,,,,,
장애인스포츠의이해,2,,,,,,,,,,,,,,,,,,,,,,,,,,,
재료공학,3,,,,,,,,,,,,,,,,,,,,,,,,,,,
재료기법1,2,,,,,,,,,,,,,,,,,,,,,,,,,,,
재료역학,3,,,,,,,,,,,,,,,,,,,,,,,,,,,
재료열역학1,3,,,,,,,,,,,,,,,,,,,,,,,,,,,
재료와구법,3,,,,,,,,,,,,,,,,,,,,,,,,,,,
재료학,3,,,,,,,,,,,,,,,,,,,,,,,,,,,
재무관리,3,,,,,,,,,,,,,,,,,,,,,,,,,,,
재무제표분석,3,,,,,,,,,,,,,,,,,,,,,,,,,,,
재무회계,3,,,,,,,,,,,,,,,,,,,,,,,,,,,
재생의학2,3,,,,,,,,,,,,,,,,,,,,,,,,,,,
전공실기1,2,,,,,,,,,,,,,,,,,,,,,,,,,,,
전공실기3,2,,,,,,,,,,,,,,,,,,,,,,,,,,,
전공실기5,2,,,,,,,,,,,,,,,,,,,,,,,,,,,
전공으로서의일본어입문,3,,,,,,,,,,,,,,,,,,,,,,,,,,,
전공중국어1,3,,,,,,,,,,,,,,,,,,,,,,,,,,,
전기기계1,3,,,,,,,,,,,,,,,,,,,,,,,,,,,
전기설비공학개론,3,,,,,,,,,,,,,,,,,,,,,,,,,,,
전기화학에너지변환,3,,,,,,,,,,,,,,,,,,,,,,,,,,,
전기회로실험,1,,,,,,,,,,,,,,,,,,,,,,,,,,,
전동력제어및응용,3,,,,,,,,,,,,,,,,,,,,,,,,,,,
전력공학1,3,,,,,,,,,,,,,,,,,,,,,,,,,,,
전력시스템응용,3,,,,,,,,,,,,,,,,,,,,,,,,,,,
전산물리학,3,,,,,,,,,,,,,,,,,,,,,,,,,,,
전자감독제도론(캡스톤디자인),3,,,,,,,,,,,,,,,,,,,,,,,,,,,
전자기및광학실험,2,,,,,,,,,,,,,,,,,,,,,,,,,,,
전자기학1,3,,,,,,,,,,,,,,,,,,,,,,,,,,,
전자회로1,3,,,,,,,,,,,,,,,,,,,,,,,,,,,
전통등문화의이해(연등회등문화전승전통등만들기),2,,,,,,,,,,,,,,,,,,,,,,,,,,,
정보기술의 발달과 사회적 관계,3,,,,,,,,,,,,,,,,,,,,,,,,,,,
정보보호개론,3,,,,,,,,,,,,,,,,,,,,,,,,,,,
정보사회론,3,,,,,,,,,,,,,,,,,,,,,,,,,,,
정보통신수학및실습,3,,,,,,,,,,,,,,,,,,,,,,,,,,,
정수론,3,,,,,,,,,,,,,,,,,,,,,,,,,,,
정신건강사회복지론,3,,,,,,,,,,,,,,,,,,,,,,,,,,,
정책분석과인공지능및빅데이터,3,,,,,,,,,,,,,,,,,,,,,,,,,,,
정책학의이해와한국사회,3,,,,,,,,,,,,,,,,,,,,,,,,,,,
정치과정의이해(캡스톤디자인),3,,,,,,,,,,,,,,,,,,,,,,,,,,,
정치발전과세계평화그리고불교,3,,,,,,,,,,,,,,,,,,,,,,,,,,,
정치사상의이해,3,,,,,,,,,,,,,,,,,,,,,,,,,,,
정치사회철학,3,,,,,,,,,,,,,,,,,,,,,,,,,,,
정치자료를통한빅데이터분석입문,3,,,,,,,,,,,,,,,,,,,,,,,,,,,
정치지리교육론,3,,,,,,,,,,,,,,,,,,,,,,,,,,,
정치커뮤니케이션,3,,,,,,,,,,,,,,,,,,,,,,,,,,,
정치학개론,3,,,,,,,,,,,,,,,,,,,,,,,,,,,
정치학글쓰기,3,,,,,,,,,,,,,,,,,,,,,,,,,,,
정토학,3,,,,,,,,,,,,,,,,,,,,,,,,,,,
제약실무실습,2,,,,,,,,,,,,,,,,,,,,,,,,,,,
제조기술,3,,,,,,,,,,,,,,,,,,,,,,,,,,,
젠더 사회학,3,,,,,,,,,,,,,,,,,,,,,,,,,,,
조선시대사,3,,,,,,,,,,,,,,,,,,,,,,,,,,,
조소창작실기(캡스톤디자인),2,,,,,,,,,,,,,,,,,,,,,,,,,,,
조직공학,3,,,,,,,,,,,,,,,,,,,,,,,,,,,
조직리더십,2,,,,,,,,,,,,,,,,,,,,,,,,,,,
조직커뮤니케이션,3,,,,,,,,,,,,,,,,,,,,,,,,,,,
조직행위,3,,,,,,,,,,,,,,,,,,,,,,,,,,,
조합및그래프이론,3,,,,,,,,,,,,,,,,,,,,,,,,,,,
조형론,2,,,,,,,,,,,,,,,,,,,,,,,,,,,
조형실기1,2,,,,,,,,,,,,,,,,,,,,,,,,,,,
존재와역사명작세미나,3,,,,,,,,,,,,,,,,,,,,,,,,,,,
졸업논문캡스톤프로젝트1(캡스톤 디자인),3,,,,,,,,,,,,,,,,,,,,,,,,,,,
졸업영화캡스톤디자인,3,,,,,,,,,,,,,,,,,,,,,,,,,,,
졸업작품창작1,2,,,,,,,,,,,,,,,,,,,,,,,,,,,
종교교육론,3,,,,,,,,,,,,,,,,,,,,,,,,,,,
종교심리학,3,,,,,,,,,,,,,,,,,,,,,,,,,,,
종교와법,3,,,,,,,,,,,,,,,,,,,,,,,,,,,
종교학개론,3,,,,,,,,,,,,,,,,,,,,,,,,,,,
종합설계1,3,,,,,,,,,,,,,,,,,,,,,,,,,,,
종합설계2,3,,,,,,,,,,,,,,,,,,,,,,,,,,,
주거학,3,,,,,,,,,,,,,,,,,,,,,,,,,,,
주니어세미나(AI와 컴퓨터비전),1,,,,,,,,,,,,,,,,,,,,,,,,,,,
"주니어세미나(간다라 불교의 세계: 문자, 예술, 역사적 유적지)",1,,,,,,,,,,,,,,,,,,,,,,,,,,,
주니어세미나(데이터 드리븐 UX),1,,,,,,,,,,,,,,,,,,,,,,,,,,,
주니어세미나(배리어프리존 운영실무),1,,,,,,,,,,,,,,,,,,,,,,,,,,,
주니어세미나(법학진로와 현장체험),1,,,,,,,,,,,,,,,,,,,,,,,,,,,
주니어세미나(스마트선박 사물인터넷 및 지식재산),1,,,,,,,,,,,,,,,,,,,,,,,,,,,
주니어세미나(재무금융연구 세미나),1,,,,,,,,,,,,,,,,,,,,,,,,,,,
주니어세미나(재일디아스포라의 역사와 문화),1,,,,,,,,,,,,,,,,,,,,,,,,,,,
주니어세미나(캐릭터 콘텐츠 세미나),1,,,,,,,,,,,,,,,,,,,,,,,,,,,
중관학,3,,,,,,,,,,,,,,,,,,,,,,,,,,,
중국고전문학사,3,,,,,,,,,,,,,,,,,,,,,,,,,,,
중국공연예술의이해(캡스톤디자인),3,,,,,,,,,,,,,,,,,,,,,,,,,,,
중국문자의이해,1,,,,,,,,,,,,,,,,,,,,,,,,,,,
중국불교사,3,,,,,,,,,,,,,,,,,,,,,,,,,,,
중국선문헌입문,3,,,,,,,,,,,,,,,,,,,,,,,,,,,
중국시사콘텐츠,3,,,,,,,,,,,,,,,,,,,,,,,,,,,
중국어(중급),3,,,,,,,,,,,,,,,,,,,,,,,,,,,
중국어(초급),3,,,,,,,,,,,,,,,,,,,,,,,,,,,
중국어교육론,3,,,,,,,,,,,,,,,,,,,,,,,,,,,
중국어어휘와문화,3,,,,,,,,,,,,,,,,,,,,,,,,,,,
중국어작문연습,3,,,,,,,,,,,,,,,,,,,,,,,,,,,
중국영화,3,,,,,,,,,,,,,,,,,,,,,,,,,,,
중국인문지리,3,,,,,,,,,,,,,,,,,,,,,,,,,,,
중국철학사,3,,,,,,,,,,,,,,,,,,,,,,,,,,,
중국현대문학사,3,,,,,,,,,,,,,,,,,,,,,,,,,,,
중급회계1,3,,,,,,,,,,,,,,,,,,,,,,,,,,,
중급회계2,3,,,,,,,,,,,,,,,,,,,,,,,,,,,
중독의시대:독(毒)이야기,2,,,,,,,,,,,,,,,,,,,,,,,,,,,
중세국어문법교육론,3,,,,,,,,,,,,,,,,,,,,,,,,,,,
지구환경과바이오재료,3,,,,,,,,,,,,,,,,,,,,,,,,,,,
지구환경과학,3,,,,,,,,,,,,,,,,,,,,,,,,,,,
지능IoT시스템,3,,,,,,,,,,,,,,,,,,,,,,,,,,,
지능로봇공학입문,3,,,,,,,,,,,,,,,,,,,,,,,,,,,
지능로봇기계학습,3,,,,,,,,,,,,,,,,,,,,,,,,,,,
지도 위의 문학,3,,,,,,,,,,,,,,,,,,,,,,,,,,,
지도학,3,,,,,,,,,,,,,,,,,,,,,,,,,,,
지리교육론,3,,,,,,,,,,,,,,,,,,,,,,,,,,,
지반방재공학,3,,,,,,,,,,,,,,,,,,,,,,,,,,,
지방자치법,3,,,,,,,,,,,,,,,,,,,,,,,,,,,
지방정치와지방의회,3,,,,,,,,,,,,,,,,,,,,,,,,,,,
지산학캡스톤디자인1,3,,,,,,,,,,,,,,,,,,,,,,,,,,,
지상의모든심리,3,,,,,,,,,,,,,,,,,,,,,,,,,,,
지속가능시스템,3,,,,,,,,,,,,,,,,,,,,,,,,,,,
지속가능한미래와ESG,2,,,,,,,,,,,,,,,,,,,,,,,,,,,
지역사와 역사 아카이빙,3,,,,,,,,,,,,,,,,,,,,,,,,,,,
지역사회복지론,3,,,,,,,,,,,,,,,,,,,,,,,,,,,
지역사회의이해,3,,,,,,,,,,,,,,,,,,,,,,,,,,,
지역약국실무실습1,3,,,,,,,,,,,,,,,,,,,,,,,,,,,
지역약국실무실습2,3,,,,,,,,,,,,,,,,,,,,,,,,,,,
지형학,3,,,,,,,,,,,,,,,,,,,,,,,,,,,
지혜와자비명작세미나,3,,,,,,,,,,,,,,,,,,,,,,,,,,,
직무이해와기업분석,2,,,,,,,,,,,,,,,,,,,,,,,,,,,
진술분석과 소셜컴퓨팅,3,,,,,,,,,,,,,,,,,,,,,,,,,,,
진화생물학,3,,,,,,,,,,,,,,,,,,,,,,,,,,,
집중중국어,3,,,,,,,,,,,,,,,,,,,,,,,,,,,
집합과수의세계로의초대,1,,,,,,,,,,,,,,,,,,,,,,,,,,,
창극실습1,1,,,,,,,,,,,,,,,,,,,,,,,,,,,
창업시뮬레이션실전창업실습,3,,,,,,,,,,,,,,,,,,,,,,,,,,,
창의적기획과문제해결,2,,,,,,,,,,,,,,,,,,,,,,,,,,,
창의적인글쓰기,2,,,,,,,,,,,,,,,,,,,,,,,,,,,
창작작품실습1,1,,,,,,,,,,,,,,,,,,,,,,,,,,,
채권총론,3,,,,,,,,,,,,,,,,,,,,,,,,,,,
천연고분자화학및실험,3,,,,,,,,,,,,,,,,,,,,,,,,,,,
천연물의약품학,2,,,,,,,,,,,,,,,,,,,,,,,,,,,
천체물리학,3,,,,,,,,,,,,,,,,,,,,,,,,,,,
천태학,3,,,,,,,,,,,,,,,,,,,,,,,,,,,
철근콘크리트,3,,,,,,,,,,,,,,,,,,,,,,,,,,,
철근콘크리트구조설계1,3,,,,,,,,,,,,,,,,,,,,,,,,,,,
철학교육론,3,,,,,,,,,,,,,,,,,,,,,,,,,,,
철학의 문제들,3,,,,,,,,,,,,,,,,,,,,,,,,,,,
첨단기술활용공연제작실습1,3,,,,,,,,,,,,,,,,,,,,,,,,,,,
첨단영상연기1,3,,,,,,,,,,,,,,,,,,,,,,,,,,,
청소년비행론,3,,,,,,,,,,,,,,,,,,,,,,,,,,,
체력육성법,3,,,,,,,,,,,,,,,,,,,,,,,,,,,
체육교육개론,3,,,,,,,,,,,,,,,,,,,,,,,,,,,
체육교육론,3,,,,,,,,,,,,,,,,,,,,,,,,,,,
체육사·철학,3,,,,,,,,,,,,,,,,,,,,,,,,,,,
체육측정및평가,2,,,,,,,,,,,,,,,,,,,,,,,,,,,
초고주파공학,3,,,,,,,,,,,,,,,,,,,,,,,,,,,
초기경전과불교사본입문,3,,,,,,,,,,,,,,,,,,,,,,,,,,,
초기대승불교입문,3,,,,,,,,,,,,,,,,,,,,,,,,,,,
초기불교,3,,,,,,,,,,,,,,,,,,,,,,,,,,,
촉매재료,3,,,,,,,,,,,,,,,,,,,,,,,,,,,
축구지도법,1,,,,,,,,,,,,,,,,,,,,,,,,,,,
출생과 가족변동,3,,,,,,,,,,,,,,,,,,,,,,,,,,,
출판콘텐츠기획(캡스톤디자인),3,,,,,,,,,,,,,,,,,,,,,,,,,,,
취업실전전략,2,,,,,,,,,,,,,,,,,,,,,,,,,,,
취창업전공세미나,2,,,,,,,,,,,,,,,,,,,,,,,,,,,
치유로서의미술,2,,,,,,,,,,,,,,,,,,,,,,,,,,,
친환경소재및실습캡스톤디자인,3,,,,,,,,,,,,,,,,,,,,,,,,,,,
카메라연기1,2,,,,,,,,,,,,,,,,,,,,,,,,,,,
카피라이팅,3,,,,,,,,,,,,,,,,,,,,,,,,,,,
캡스톤디자인,3,,,,,,,,,,,,,,,,,,,,,,,,,,,
캡스톤디자인1,3,,,,,,,,,,,,,,,,,,,,,,,,,,,
커리어 디자인,1,,,,,,,,,,,,,,,,,,,,,,,,,,,
커리어 디자인(열린전공학부),1,,,,,,,,,,,,,,,,,,,,,,,,,,,
커리어멘토링,3,,,,,,,,,,,,,,,,,,,,,,,,,,,
커뮤니케이션론,3,,,,,,,,,,,,,,,,,,,,,,,,,,,
커뮤니케이션사,3,,,,,,,,,,,,,,,,,,,,,,,,,,,
컬러매니지먼트와디자인,3,,,,,,,,,,,,,,,,,,,,,,,,,,,
컴퓨터구성,3,,,,,,,,,,,,,,,,,,,,,,,,,,,
컴퓨터구조및설계,3,,,,,,,,,,,,,,,,,,,,,,,,,,,
컴퓨터그래픽2D3D1,2,,,,,,,,,,,,,,,,,,,,,,,,,,,
컴퓨터그래픽스,3,,,,,,,,,,,,,,,,,,,,,,,,,,,
컴퓨터네트워크,3,,,,,,,,,,,,,,,,,,,,,,,,,,,
컴퓨터네트워크및보안,3,,,,,,,,,,,,,,,,,,,,,,,,,,,
컴퓨터보안,3,,,,,,,,,,,,,,,,,,,,,,,,,,,
컴퓨터시스템,3,,,,,,,,,,,,,,,,,,,,,,,,,,,
컴퓨터알고리즘의이해,1,,,,,,,,,,,,,,,,,,,,,,,,,,,
컴퓨팅사고,2,,,,,,,,,,,,,,,,,,,,,,,,,,,
코칭리더십,2,,,,,,,,,,,,,,,,,,,,,,,,,,,
코퍼스활용영어의미와용법,3,,,,,,,,,,,,,,,,,,,,,,,,,,,
콘텐츠 기획을 위한 스토리텔링,3,,,,,,,,,,,,,,,,,,,,,,,,,,,
콜로이드공학,3,,,,,,,,,,,,,,,,,,,,,,,,,,,
크리에이티브입문,3,,,,,,,,,,,,,,,,,,,,,,,,,,,
클라우드컴퓨팅서비스,3,,,,,,,,,,,,,,,,,,,,,,,,,,,
키워드로읽는한류와K-콘텐츠,3,,,,,,,,,,,,,,,,,,,,,,,,,,,
탄소중립평가학 및 실습,3,,,,,,,,,,,,,,,,,,,,,,,,,,,
탈공산권정치론,3,,,,,,,,,,,,,,,,,,,,,,,,,,,
태권도,1,,,,,,,,,,,,,,,,,,,,,,,,,,,
태권도지도법,1,,,,,,,,,,,,,,,,,,,,,,,,,,,
태양계와외계행성,3,,,,,,,,,,,,,,,,,,,,,,,,,,,
테니스지도법,1,,,,,,,,,,,,,,,,,,,,,,,,,,,
테마고전문학사,3,,,,,,,,,,,,,,,,,,,,,,,,,,,
테마로읽는몸과세계,3,,,,,,,,,,,,,,,,,,,,,,,,,,,
텍스트마이닝의비즈니스응용,3,,,,,,,,,,,,,,,,,,,,,,,,,,,
텍스트와비평,3,,,,,,,,,,,,,,,,,,,,,,,,,,,
텍스트유형과번역,3,,,,,,,,,,,,,,,,,,,,,,,,,,,
템플스테이:산사에서의행복한하루,1,,,,,,,,,,,,,,,,,,,,,,,,,,,
토질역학1및실험,3,,,,,,,,,,,,,,,,,,,,,,,,,,,
통계모델링및컨설팅1,3,,,,,,,,,,,,,,,,,,,,,,,,,,,
통계수학및R실습,3,,,,,,,,,,,,,,,,,,,,,,,,,,,
통상규범론,3,,,,,,,,,,,,,,,,,,,,,,,,,,,
통신이론,3,,,,,,,,,,,,,,,,,,,,,,,,,,,
통치구조론,3,,,,,,,,,,,,,,,,,,,,,,,,,,,
통합교육론,3,,,,,,,,,,,,,,,,,,,,,,,,,,,
통합사회교육론,3,,,,,,,,,,,,,,,,,,,,,,,,,,,
투자론,3,,,,,,,,,,,,,,,,,,,,,,,,,,,
트랙별종합설계프로젝트,3,,,,,,,,,,,,,,,,,,,,,,,,,,,
트랜스내셔널현대영미시와세계문학,3,,,,,,,,,,,,,,,,,,,,,,,,,,,
특수교육학개론,2,,,,,,,,,,,,,,,,,,,,,,,,,,,
특수사회학1,3,,,,,,,,,,,,,,,,,,,,,,,,,,,
파이선과 경영,3,,,,,,,,,,,,,,,,,,,,,,,,,,,
파이썬프로그래밍,3,,,,,,,,,,,,,,,,,,,,,,,,,,,
파이썬프로그래밍기초,2,,,,,,,,,,,,,,,,,,,,,,,,,,,
판단과의사결정,3,,,,,,,,,,,,,,,,,,,,,,,,,,,
판화1,2,,,,,,,,,,,,,,,,,,,,,,,,,,,
패션의이해,3,,,,,,,,,,,,,,,,,,,,,,,,,,,
편집,3,,,,,,,,,,,,,,,,,,,,,,,,,,,
편집심화,3,,,,,,,,,,,,,,,,,,,,,,,,,,,
평생교육론,3,,,,,,,,,,,,,,,,,,,,,,,,,,,
평생교육실습,3,,,,,,,,,,,,,,,,,,,,,,,,,,,
평생교육프로그램개발론,3,,,,,,,,,,,,,,,,,,,,,,,,,,,
폐기물환경학,3,,,,,,,,,,,,,,,,,,,,,,,,,,,
포스트휴먼시대의인간과기계,2,,,,,,,,,,,,,,,,,,,,,,,,,,,
표본설계,3,,,,,,,,,,,,,,,,,,,,,,,,,,,
표현교육론,3,,,,,,,,,,,,,,,,,,,,,,,,,,,
표현기법,3,,,,,,,,,,,,,,,,,,,,,,,,,,,
푸드시스템론,3,,,,,,,,,,,,,,,,,,,,,,,,,,,
푸드테크산업의이해,3,,,,,,,,,,,,,,,,,,,,,,,,,,,
품질공학,3,,,,,,,,,,,,,,,,,,,,,,,,,,,
프로그래밍 이해와 실습(인문사회예체능계열),3,,,,,,,,,,,,,,,,,,,,,,,,,,,
프로그래밍 이해와 실습(자연공학계열),3,,,,,,,,,,,,,,,,,,,,,,,,,,,
프로그래밍기초와실습,3,,,,,,,,,,,,,,,,,,,,,,,,,,,
프로그래밍및실습2,3,,,,,,,,,,,,,,,,,,,,,,,,,,,
프로그래밍입문,2,,,,,,,,,,,,,,,,,,,,,,,,,,,
프로그램개발과평가,3,,,,,,,,,,,,,,,,,,,,,,,,,,,
프로덕션디자인&테크놀로지1,3,,,,,,,,,,,,,,,,,,,,,,,,,,,
프로덕션제작실습1,0,,,,,,,,,,,,,,,,,,,,,,,,,,,
프로덕션제작실습3,0,,,,,,,,,,,,,,,,,,,,,,,,,,,
프로스포츠산업과마케팅,2,,,,,,,,,,,,,,,,,,,,,,,,,,,
프로젝트기반광고연습,3,,,,,,,,,,,,,,,,,,,,,,,,,,,
피클볼,1,,,,,,,,,,,,,,,,,,,,,,,,,,,
피해자학,3,,,,,,,,,,,,,,,,,,,,,,,,,,,
학교사회복지론,3,,,,,,,,,,,,,,,,,,,,,,,,,,,
학교체육과체험학습,2,,,,,,,,,,,,,,,,,,,,,,,,,,,
학교폭력예방및학생의이해,2,,,,,,,,,,,,,,,,,,,,,,,,,,,
학교현장실습2(수업실습),1,,,,,,,,,,,,,,,,,,,,,,,,,,,
학교현장실습3(종합실습),2,,,,,,,,,,,,,,,,,,,,,,,,,,,
학술답사 1,0,,,,,,,,,,,,,,,,,,,,,,,,,,,
학술답사 3,0,,,,,,,,,,,,,,,,,,,,,,,,,,,
학술답사 5,0,,,,,,,,,,,,,,,,,,,,,,,,,,,
한국 불교와 역사 스토리텔링,3,,,,,,,,,,,,,,,,,,,,,,,,,,,
한국건축사,3,,,,,,,,,,,,,,,,,,,,,,,,,,,
한국경제의이해,3,,,,,,,,,,,,,,,,,,,,,,,,,,,
한국고대사,3,,,,,,,,,,,,,,,,,,,,,,,,,,,
한국근세사,3,,,,,,,,,,,,,,,,,,,,,,,,,,,
한국근현대사,3,,,,,,,,,,,,,,,,,,,,,,,,,,,
한국대중문화이해,3,,,,,,,,,,,,,,,,,,,,,,,,,,,
한국명작의이해,3,,,,,,,,,,,,,,,,,,,,,,,,,,,
한국문학대표작품읽기,3,,,,,,,,,,,,,,,,,,,,,,,,,,,
한국문화낯설게보기,3,,,,,,,,,,,,,,,,,,,,,,,,,,,
한국문화와미디어론입문,3,,,,,,,,,,,,,,,,,,,,,,,,,,,
한국문화원형과콘텐츠(캡스톤 디자인),3,,,,,,,,,,,,,,,,,,,,,,,,,,,
한국미술사,3,,,,,,,,,,,,,,,,,,,,,,,,,,,
한국불교문학의세계,3,,,,,,,,,,,,,,,,,,,,,,,,,,,
한국불교사,3,,,,,,,,,,,,,,,,,,,,,,,,,,,
한국사강독,3,,,,,,,,,,,,,,,,,,,,,,,,,,,
한국사교육세미나1,3,,,,,,,,,,,,,,,,,,,,,,,,,,,
한국사연습,3,,,,,,,,,,,,,,,,,,,,,,,,,,,
한국사회의이슈,3,,,,,,,,,,,,,,,,,,,,,,,,,,,
한국선문헌연습,3,,,,,,,,,,,,,,,,,,,,,,,,,,,
한국어단어의이해,3,,,,,,,,,,,,,,,,,,,,,,,,,,,
한국어문장의이해,3,,,,,,,,,,,,,,,,,,,,,,,,,,,
한국어사자료읽기,3,,,,,,,,,,,,,,,,,,,,,,,,,,,
한국어와한국문화기초,3,,,,,,,,,,,,,,,,,,,,,,,,,,,
한국영화감상,1,,,,,,,,,,,,,,,,,,,,,,,,,,,
한국영화사,3,,,,,,,,,,,,,,,,,,,,,,,,,,,
한국음악개론1,3,,,,,,,,,,,,,,,,,,,,,,,,,,,
한국의경제와경영,2,,,,,,,,,,,,,,,,,,,,,,,,,,,
한국의법과정치,2,,,,,,,,,,,,,,,,,,,,,,,,,,,
한국의역사와전통,3,,,,,,,,,,,,,,,,,,,,,,,,,,,
한국정치론(캡스톤디자인),3,,,,,,,,,,,,,,,,,,,,,,,,,,,
한국조리,2,,,,,,,,,,,,,,,,,,,,,,,,,,,
한국지리,3,,,,,,,,,,,,,,,,,,,,,,,,,,,
한국철학의 주요 쟁점들,3,,,,,,,,,,,,,,,,,,,,,,,,,,,
한국한문학의세계,3,,,,,,,,,,,,,,,,,,,,,,,,,,,
한국현대교육문제사,3,,,,,,,,,,,,,,,,,,,,,,,,,,,
한국화재료기법1,2,,,,,,,,,,,,,,,,,,,,,,,,,,,
한국화창작실기,2,,,,,,,,,,,,,,,,,,,,,,,,,,,
한국화현장실기1(캡스톤디자인),2,,,,,,,,,,,,,,,,,,,,,,,,,,,
한류콘텐츠와글로벌감수성,2,,,,,,,,,,,,,,,,,,,,,,,,,,,
한반도경제통합론,3,,,,,,,,,,,,,,,,,,,,,,,,,,,
한반도사회문화통합론,3,,,,,,,,,,,,,,,,,,,,,,,,,,,
한반도평화와인권,3,,,,,,,,,,,,,,,,,,,,,,,,,,,
"한일관계의과거,현재그리고미래",3,,,,,,,,,,,,,,,,,,,,,,,,,,,
한자와 커뮤니케이션,3,,,,,,,,,,,,,,,,,,,,,,,,,,,
한중텍스트소통,3,,,,,,,,,,,,,,,,,,,,,,,,,,,
해석개론,3,,,,,,,,,,,,,,,,,,,,,,,,,,,
해석학1,3,,,,,,,,,,,,,,,,,,,,,,,,,,,
해외투자의이론과실제,3,,,,,,,,,,,,,,,,,,,,,,,,,,,
핸드볼지도법,1,,,,,,,,,,,,,,,,,,,,,,,,,,,
행복인터뷰와자기서사의테크네,3,,,,,,,,,,,,,,,,,,,,,,,,,,,
행정구제법,3,,,,,,,,,,,,,,,,,,,,,,,,,,,
행정법각론,3,,,,,,,,,,,,,,,,,,,,,,,,,,,
행정법총론,3,,,,,,,,,,,,,,,,,,,,,,,,,,,
행정이론,3,,,,,,,,,,,,,,,,,,,,,,,,,,,
행정조사론,3,,,,,,,,,,,,,,,,,,,,,,,,,,,
행정조직과AI,3,,,,,,,,,,,,,,,,,,,,,,,,,,,
행정학개론,3,,,,,,,,,,,,,,,,,,,,,,,,,,,
헌법,3,,,,,,,,,,,,,,,,,,,,,,,,,,,
헌법총론,3,,,,,,,,,,,,,,,,,,,,,,,,,,,
현대대수학1,3,,,,,,,,,,,,,,,,,,,,,,,,,,,
현대대수학Ⅰ,3,,,,,,,,,,,,,,,,,,,,,,,,,,,
현대무용1,2,,,,,,,,,,,,,,,,,,,,,,,,,,,
현대무용3,2,,,,,,,,,,,,,,,,,,,,,,,,,,,
현대문법교육론,3,,,,,,,,,,,,,,,,,,,,,,,,,,,
현대문학교육자료강독,3,,,,,,,,,,,,,,,,,,,,,,,,,,,
현대문학비평,3,,,,,,,,,,,,,,,,,,,,,,,,,,,
현대문학사,3,,,,,,,,,,,,,,,,,,,,,,,,,,,
현대물리학1,3,,,,,,,,,,,,,,,,,,,,,,,,,,,
현대물리학개론,3,,,,,,,,,,,,,,,,,,,,,,,,,,,
현대사회학이론,3,,,,,,,,,,,,,,,,,,,,,,,,,,,
현대소설이론,3,,,,,,,,,,,,,,,,,,,,,,,,,,,
현대시교육론,3,,,,,,,,,,,,,,,,,,,,,,,,,,,
현대시이론,3,,,,,,,,,,,,,,,,,,,,,,,,,,,
현대제어공학,3,,,,,,,,,,,,,,,,,,,,,,,,,,,
현대조형1,2,,,,,,,,,,,,,,,,,,,,,,,,,,,
현대중국어실용문법,3,,,,,,,,,,,,,,,,,,,,,,,,,,,
현대페미니즘의이해,3,,,,,,,,,,,,,,,,,,,,,,,,,,,
현대프랑스철학,3,,,,,,,,,,,,,,,,,,,,,,,,,,,
현대한국영화의이해,3,,,,,,,,,,,,,,,,,,,,,,,,,,,
현대한국정치실습(캡스톤디자인),3,,,,,,,,,,,,,,,,,,,,,,,,,,,
현대한국화공간표현,2,,,,,,,,,,,,,,,,,,,,,,,,,,,
현대한국화의기초1,2,,,,,,,,,,,,,,,,,,,,,,,,,,,
현대회화1(캡스톤디자인),2,,,,,,,,,,,,,,,,,,,,,,,,,,,
현장실습(Co-op)4,12,,,,,,,,,,,,,,,,,,,,,,,,,,,
현장연계수학교육세미나,3,,,,,,,,,,,,,,,,,,,,,,,,,,,
형법,3,,,,,,,,,,,,,,,,,,,,,,,,,,,
형법각론,3,,,,,,,,,,,,,,,,,,,,,,,,,,,
형법판례연습,3,,,,,,,,,,,,,,,,,,,,,,,,,,,
형사사법연구방법론,3,,,,,,,,,,,,,,,,,,,,,,,,,,,
형사사법입문,3,,,,,,,,,,,,,,,,,,,,,,,,,,,
형사사법학입문,3,,,,,,,,,,,,,,,,,,,,,,,,,,,
형사소송법,3,,,,,,,,,,,,,,,,,,,,,,,,,,,
형사정책,3,,,,,,,,,,,,,,,,,,,,,,,,,,,
형상표현1,2,,,,,,,,,,,,,,,,,,,,,,,,,,,
형식언어,3,,,,,,,,,,,,,,,,,,,,,,,,,,,
호신술,1,,,,,,,,,,,,,,,,,,,,,,,,,,,
혼성모드회로설계및실습,3,,,,,,,,,,,,,,,,,,,,,,,,,,,
혼합조각(캡스톤디자인),2,,,,,,,,,,,,,,,,,,,,,,,,,,,
혼합조각연구1(캡스톤디자인),2,,,,,,,,,,,,,,,,,,,,,,,,,,,
홍보제작론,3,,,,,,,,,,,,,,,,,,,,,,,,,,,
홍보학개론,3,,,,,,,,,,,,,,,,,,,,,,,,,,,
화공생물공학개론,1,,,,,,,,,,,,,,,,,,,,,,,,,,,
화공생물공학단위조작실험1,3,,,,,,,,,,,,,,,,,,,,,,,,,,,
화공생물공학단위조작실험2,3,,,,,,,,,,,,,,,,,,,,,,,,,,,
화공생물공학종합설계,3,,,,,,,,,,,,,,,,,,,,,,,,,,,
화공양론,3,,,,,,,,,,,,,,,,,,,,,,,,,,,
화공열역학,3,,,,,,,,,,,,,,,,,,,,,,,,,,,
화공유체역학,3,,,,,,,,,,,,,,,,,,,,,,,,,,,
화장품및바이오소재,3,,,,,,,,,,,,,,,,,,,,,,,,,,,
화학공정제어,3,,,,,,,,,,,,,,,,,,,,,,,,,,,
화학교육론,3,,,,,,,,,,,,,,,,,,,,,,,,,,,
확률및통계학,3,,,,,,,,,,,,,,,,,,,,,,,,,,,
환경단위조작,3,,,,,,,,,,,,,,,,,,,,,,,,,,,
환경데이터분석,3,,,,,,,,,,,,,,,,,,,,,,,,,,,
환경생물학,3,,,,,,,,,,,,,,,,,,,,,,,,,,,
환경성평가방법론,3,,,,,,,,,,,,,,,,,,,,,,,,,,,
환경세미나캡스톤디자인,3,,,,,,,,,,,,,,,,,,,,,,,,,,,
환경화학,3,,,,,,,,,,,,,,,,,,,,,,,,,,,
회계감사,3,,,,,,,,,,,,,,,,,,,,,,,,,,,
회계감사특강,3,,,,,,,,,,,,,,,,,,,,,,,,,,,
회계와경제1,3,,,,,,,,,,,,,,,,,,,,,,,,,,,
회계와경제2,3,,,,,,,,,,,,,,,,,,,,,,,,,,,
회계원리,3,,,,,,,,,,,,,,,,,,,,,,,,,,,
회귀해석,3,,,,,,,,,,,,,,,,,,,,,,,,,,,
회로이론,3,,,,,,,,,,,,,,,,,,,,,,,,,,,
회로이론1,3,,,,,,,,,,,,,,,,,,,,,,,,,,,
회화1,2,,,,,,,,,,,,,,,,,,,,,,,,,,,
회화3(캡스톤디자인),2,,,,,,,,,,,,,,,,,,,,,,,,,,,
회화5(캡스톤디자인),2,,,,,,,,,,,,,,,,,,,,,,,,,,,
휴먼·컴퓨터인터액션,3,,,,,,,,,,,,,,,,,,,,,,,,,,,
히스토리 오디올로지,3,,,,,,,,,,,,,,,,,,,,,,,,,,,
